No,名前,タイプ1,タイプ2,とくせい1,とくせい2,かくれとくせい,HP,攻撃,防御,特攻,特防,素早,おもさ,S1,S2,S3
1,フシギダネ,くさ,どく,しんりょく,,ようりょくそ,45,49,49,65,65,45,6.9,,,
2,フシギソウ,くさ,どく,しんりょく,,ようりょくそ,60,62,63,80,80,60,13,,,
3,フシギバナ,くさ,どく,しんりょく,,ようりょくそ,80,82,83,100,100,80,100,TRUE,TRUE,TRUE
3,メガフシギバナ,くさ,どく,あついしぼう,,,80,100,123,122,120,80,155.5,TRUE,TRUE,TRUE
4,ヒトカゲ,ほのお,,もうか,,サンパワー,39,52,43,60,50,65,8.5,,,
5,リザード,ほのお,,もうか,,サンパワー,58,64,58,80,65,80,19,,,
6,リザードン,ほのお,ひこう,もうか,,サンパワー,78,84,78,109,85,100,90.5,TRUE,TRUE,TRUE
6,メガリザードンX,ほのお,ドラゴン,かたいツメ,,,78,130,111,130,85,100,110.5,TRUE,TRUE,TRUE
6,メガリザードンY,ほのお,ひこう,ひでり,,,78,104,78,159,115,100,110.5,TRUE,TRUE,TRUE
7,ゼニガメ,みず,,げきりゅう,,あめうけざら,44,48,65,50,64,43,9,,,
8,カメール,みず,,げきりゅう,,あめうけざら,59,63,80,65,80,58,22.5,,,
9,カメックス,みず,,げきりゅう,,あめうけざら,79,83,100,85,105,78,85.5,TRUE,TRUE,TRUE
9,メガカメックス,みず,,メガランチャー,,,79,103,120,135,115,78,101.1,TRUE,TRUE,TRUE
10,キャタピー,むし,,りんぷん,,にげあし,45,30,35,20,20,45,2.9,,,
11,トランセル,むし,,だっぴ,,,50,20,55,25,25,30,9.9,,,
12,バタフリー,むし,ひこう,ふくがん,,いろめがね,60,45,50,90,80,70,32,,,
13,ビードル,むし,どく,りんぷん,,にげあし,40,35,30,20,20,50,3.2,,,
14,コクーン,むし,どく,だっぴ,,,45,25,50,25,25,35,10,,,
15,スピアー,むし,どく,むしのしらせ,,スナイパー,65,90,40,45,80,75,29.5,TRUE,TRUE,TRUE
15,メガスピアー,むし,どく,てきおうりょく,,,65,150,40,15,80,145,40.5,TRUE,TRUE,TRUE
16,ポッポ,ノーマル,ひこう,するどいめ,ちどりあし,はとむね,40,45,40,35,35,56,1.8,,,
17,ピジョン,ノーマル,ひこう,するどいめ,ちどりあし,はとむね,63,60,55,50,50,71,30,,,
18,ピジョット,ノーマル,ひこう,するどいめ,ちどりあし,はとむね,83,80,75,70,70,101,39.5,TRUE,TRUE,TRUE
18,メガピジョット,ノーマル,ひこう,ノーガード,,,83,80,80,135,80,121,50.5,TRUE,TRUE,TRUE
19,コラッタ,ノーマル,,にげあし,こんじょう,はりきり,30,56,35,25,35,72,3.5,,,
19,コラッタA,あく,ノーマル,くいしんぼう,はりきり,あついしぼう,30,56,35,25,35,72,3.8,,,
20,ラッタ,ノーマル,,にげあし,こんじょう,はりきり,55,81,60,50,70,97,18.5,,,
20,ラッタA,あく,ノーマル,くいしんぼう,はりきり,あついしぼう,75,71,70,40,80,77,25.5,,,
21,オニスズメ,ノーマル,ひこう,するどいめ,,スナイパー,40,60,30,31,31,70,2,,,
22,オニドリル,ノーマル,ひこう,するどいめ,,スナイパー,65,90,65,61,61,100,38,,,
23,アーボ,どく,,いかく,だっぴ,きんちょうかん,35,60,44,40,54,55,6.9,,,
24,アーボック,どく,,いかく,だっぴ,きんちょうかん,60,95,69,65,79,80,65,TRUE,TRUE,TRUE
25,ピカチュウ,でんき,,せいでんき,,ひらいしん,35,55,40,50,50,90,6,TRUE,TRUE,TRUE
26,ライチュウ,でんき,,せいでんき,,ひらいしん,60,90,55,90,80,110,30,TRUE,TRUE,TRUE
26,ライチュウA,でんき,エスパー,サーフテール,,,60,85,50,95,85,110,21,TRUE,TRUE,TRUE
26,メガライチュウX,でんき,,エレキメイカー,,,60,135,95,90,95,110,38,,,TRUE
26,メガライチュウY,でんき,,ノーガード,,,60,100,55,160,80,130,26,,,TRUE
27,サンド,こおり,はがね,すながくれ,,すなかき,50,75,85,20,30,40,12,,,
27,サンドA,こおり,はがね,ゆきがくれ,,ゆきかき,50,75,90,10,35,40,40,,,
28,サンドパン,こおり,はがね,すながくれ,,すなかき,75,100,110,45,55,65,29.5,,,
28,サンドパンA,こおり,はがね,ゆきがくれ,,ゆきかき,75,100,120,25,65,65,55,,,
29,ニドラン♀,どく,,どくのトゲ,とうそうしん,はりきり,55,47,52,40,40,41,7,,,
30,ニドリーナ,どく,,どくのトゲ,とうそうしん,はりきり,70,62,67,55,55,56,20,,,
31,ニドクイン,どく,じめん,どくのトゲ,とうそうしん,ちからずく,90,92,87,75,85,76,60,,,
32,ニドラン♂,どく,,どくのトゲ,とうそうしん,はりきり,46,57,40,40,40,50,9,,,
33,ニドリーノ,どく,,どくのトゲ,とうそうしん,はりきり,61,72,57,55,55,65,19.5,,,
34,ニドキング,どく,じめん,どくのトゲ,とうそうしん,ちからずく,81,102,77,85,75,85,62,,,
35,ピッピ,フェアリー,,メロメロボディ,マジックガード,フレンドガード,70,45,48,60,65,35,7.5,,,
36,ピクシー,フェアリー,,メロメロボディ,マジックガード,てんねん,95,70,73,95,90,60,40,TRUE,TRUE,TRUE
36,メガピクシー,フェアリー,ひこう,マジックミラー,,,95,80,93,135,110,70,42.3,TRUE,TRUE,TRUE
37,ロコン,ほのお,,もらいび,,ひでり,38,41,40,50,65,65,9.9,,,
37,ロコンA,こおり,,ゆきがくれ,,ゆきふらし,38,41,40,50,65,65,9.9,,,
38,キュウコン,ほのお,,もらいび,,ひでり,73,76,75,81,100,100,19.9,TRUE,TRUE,TRUE
38,キュウコンA,こおり,フェアリー,ゆきがくれ,,ゆきふらし,73,67,75,81,100,109,19.9,TRUE,TRUE,TRUE
39,プリン,ノーマル,フェアリー,メロメロボディ,かちき,フレンドガード,115,45,20,45,25,20,5.5,,,
40,プクリン,ノーマル,フェアリー,メロメロボディ,かちき,おみとおし,140,70,45,85,50,45,12,,,
41,ズバット,どく,ひこう,せいしんりょく,,すりぬけ,40,45,35,30,40,55,7.5,,,
42,ゴルバット,どく,ひこう,せいしんりょく,,すりぬけ,75,80,70,65,75,90,55,,,
43,ナゾノクサ,くさ,どく,ようりょくそ,,にげあし,45,50,55,75,65,30,5.4,,,
44,クサイハナ,くさ,どく,ようりょくそ,,あくしゅう,60,65,70,85,75,40,8.6,,,
45,ラフレシア,くさ,どく,ようりょくそ,,ほうし,75,80,85,110,90,50,18.6,,,TRUE
46,パラス,むし,くさ,ほうし,かんそうはだ,しめりけ,35,70,55,45,55,25,5.4,,,
47,パラセクト,むし,くさ,ほうし,かんそうはだ,しめりけ,60,95,80,60,80,30,29.5,,,
48,コンパン,むし,どく,ふくがん,いろめがね,にげあし,60,55,50,40,55,45,30,,,
49,モルフォン,むし,どく,りんぷん,いろめがね,ミラクルスキン,70,65,60,90,75,90,12.5,,,
50,ディグダ,じめん,,すながくれ,ありじごく,すなのちから,10,55,25,35,45,95,0.8,,,
50,ディグダA,じめん,はがね,すながくれ,カーリーヘアー,すなのちから,10,55,30,35,45,90,1,,,
51,ダグトリオ,じめん,,すながくれ,ありじごく,すなのちから,35,100,50,50,70,120,33.3,,,
51,ダグトリオA,じめん,はがね,すながくれ,カーリーヘアー,すなのちから,35,100,60,50,70,110,66.6,,,
52,ニャース,ノーマル,,ものひろい,テクニシャン,きんちょうかん,40,45,35,40,40,90,4.2,,,
52,ニャースA,あく,,ものひろい,テクニシャン,びびり,40,35,35,50,40,90,4.2,,,
53,ペルシアン,ノーマル,,じゅうなん,テクニシャン,きんちょうかん,65,70,60,65,65,115,32,,,
53,ペルシアンA,あく,,ファーコート,テクニシャン,びびり,65,60,60,75,65,115,33,,,
54,コダック,みず,,しめりけ,ノーてんき,すいすい,50,52,48,65,50,55,19.6,,,
55,ゴルダック,みず,,しめりけ,ノーてんき,すいすい,80,82,78,95,80,85,76.6,,,
56,マンキー,かくとう,,やるき,いかりのつぼ,まけんき,40,80,35,35,45,70,28,,,
57,オコリザル,かくとう,,やるき,いかりのつぼ,まけんき,65,105,60,60,70,95,32,,,
58,ガーディ,ほのお,,いかく,もらいび,せいぎのこころ,55,70,45,70,50,60,19,,,
59,ウインディ,ほのお,,いかく,もらいび,せいぎのこころ,90,110,80,100,80,95,155,TRUE,TRUE,TRUE
59,ウインディH,ほのお,いわ,いかく,もらいび,いしあたま,95,115,85,95,80,90,168,TRUE,TRUE,TRUE
60,ニョロモ,みず,,ちょすい,しめりけ,すいすい,40,50,40,40,40,90,12.4,,,
61,ニョロゾ,みず,,ちょすい,しめりけ,すいすい,65,65,65,50,50,90,20,,,
62,ニョロボン,みず,かくとう,ちょすい,しめりけ,すいすい,90,95,95,70,90,70,54,,,
63,ケーシィ,エスパー,,シンクロ,せいしんりょく,マジックガード,25,20,15,105,55,90,19.5,,,
64,ユンゲラー,エスパー,,シンクロ,せいしんりょく,マジックガード,40,35,30,120,70,105,56.5,,,
65,フーディン,エスパー,,シンクロ,せいしんりょく,マジックガード,55,50,45,135,95,120,48,TRUE,TRUE,TRUE
65,メガフーディン,エスパー,,トレース,,,55,50,65,175,105,150,48,TRUE,TRUE,TRUE
66,ワンリキー,かくとう,,こんじょう,ノーガード,ふくつのこころ,70,80,50,35,35,35,19.5,,,
67,ゴーリキー,かくとう,,こんじょう,ノーガード,ふくつのこころ,80,100,70,50,60,45,70.5,,,
68,カイリキー,かくとう,,こんじょう,ノーガード,ふくつのこころ,90,130,80,65,85,55,130,TRUE,TRUE,TRUE
69,マダツボミ,くさ,どく,ようりょくそ,,くいしんぼう,50,75,35,70,30,40,4,,,
70,ウツドン,くさ,どく,ようりょくそ,,くいしんぼう,65,90,50,85,45,55,6.4,,,
71,ウツボット,くさ,どく,ようりょくそ,,くいしんぼう,80,105,65,100,70,70,15.5,TRUE,TRUE,TRUE
71,メガウツボット,くさ,どく,とびだすなかみ,,,80,125,85,135,95,70,125.5,TRUE,TRUE,TRUE
72,メノクラゲ,みず,どく,クリアボディ,ヘドロえき,あめうけざら,40,40,35,50,100,70,45.5,,,
73,ドククラゲ,みず,どく,クリアボディ,ヘドロえき,あめうけざら,80,70,65,80,120,100,55,,,
74,イシツブテ,いわ,じめん,いしあたま,がんじょう,すながくれ,40,80,100,30,30,20,20,,,
74,イシツブテA,いわ,でんき,じりょく,がんじょう,エレキスキン,40,80,100,30,30,20,20.3,,,
75,ゴローン,いわ,じめん,いしあたま,がんじょう,すながくれ,55,95,115,45,45,35,105,,,
75,ゴローンA,いわ,でんき,じりょく,がんじょう,エレキスキン,55,95,115,45,45,35,110,,,
76,ゴローニャ,いわ,じめん,いしあたま,がんじょう,すながくれ,80,120,130,55,65,45,300,,,
76,ゴローニャA,いわ,でんき,じりょく,がんじょう,エレキスキン,80,120,130,55,65,45,316,,,
77,ポニータ,エスパー,,にげあし,もらいび,ほのおのからだ,50,85,55,65,65,90,30,,,
78,ギャロップ,エスパー,フェアリー,にげあし,もらいび,ほのおのからだ,65,100,70,80,80,105,95,,,
79,ヤドン,みず,エスパー,どんかん,マイペース,さいせいりょく,90,65,65,40,40,15,36,,,
79,ヤドンG,エスパー,どく,くいしんぼう,マイペース,さいせいりょく,90,65,65,40,40,15,36,,,
80,ヤドラン,みず,エスパー,どんかん,マイペース,さいせいりょく,95,75,110,100,80,30,78.5,TRUE,TRUE,TRUE
80,ヤドランG,どく,エスパー,クイックドロウ,マイペース,さいせいりょく,95,100,95,100,70,30,70.5,TRUE,TRUE,TRUE
80,メガヤドラン,みず,エスパー,シェルアーマー,,,95,75,180,130,80,30,120,TRUE,TRUE,TRUE
81,コイル,でんき,はがね,じりょく,がんじょう,アナライズ,25,35,70,95,55,45,6,,,
82,レアコイル,でんき,はがね,じりょく,がんじょう,アナライズ,50,60,95,120,70,70,60,,,
83,カモネギ,ノーマル,ひこう,するどいめ,せいしんりょく,まけんき,52,90,55,58,62,60,15,,,
83,カモネギG,かくとう,,ふくつのこころ,,きもったま,52,95,55,58,62,55,42,,,
84,ドードー,ノーマル,ひこう,にげあし,はやおき,ちどりあし,35,85,45,35,35,75,39.2,,,
85,ドードリオ,ノーマル,ひこう,にげあし,はやおき,ちどりあし,60,110,70,60,60,110,85.2,,,
86,パウワウ,みず,,あついしぼう,うるおいボディ,アイスボディ,65,45,55,45,70,45,90,,,
87,ジュゴン,みず,こおり,あついしぼう,うるおいボディ,アイスボディ,90,70,80,70,95,70,120,,,
88,ベトベター,どく,,あくしゅう,ねんちゃく,どくしゅ,80,80,50,40,50,25,30,,,
88,ベトベターA,どく,あく,どくしゅ,くいしんぼう,かがくのちから,80,80,50,40,50,25,42,,,
89,ベトベトン,どく,,あくしゅう,ねんちゃく,どくしゅ,105,105,75,65,100,50,30,,,
89,ベトベトンA,どく,あく,どくしゅ,くいしんぼう,かがくのちから,105,105,75,65,100,50,52,,,
90,シェルダー,みず,,シェルアーマー,スキルリンク,ぼうじん,30,65,100,45,25,40,4,,,
91,パルシェン,みず,こおり,シェルアーマー,スキルリンク,ぼうじん,50,95,180,85,45,70,132.5,,,
92,ゴース,ゴースト,どく,ふゆう,,,30,35,30,100,35,80,0.1,,,
93,ゴースト,ゴースト,どく,ふゆう,,,45,50,45,115,55,95,0.1,,,
94,ゲンガー,ゴースト,どく,のろわれボディ,,,60,65,60,130,75,110,40.5,TRUE,TRUE,TRUE
94,メガゲンガー,ゴースト,どく,かげふみ,,,60,65,80,170,95,130,40.5,TRUE,TRUE,TRUE
95,イワーク,いわ,じめん,いしあたま,がんじょう,くだけるよろい,35,45,160,30,45,70,210,,,
96,スリープ,エスパー,,ふみん,よちむ,せいしんりょく,60,48,45,43,90,42,32.4,,,
97,スリーパー,エスパー,,ふみん,よちむ,せいしんりょく,85,73,70,73,115,67,75.6,,,
98,クラブ,みず,,かいりきバサミ,シェルアーマー,ちからずく,30,105,90,25,25,50,6.5,,,
99,キングラー,みず,,かいりきバサミ,シェルアーマー,ちからずく,55,130,115,50,50,75,60,,,
100,ビリリダマ,でんき,,ぼうおん,せいでんき,ゆうばく,40,30,50,55,55,100,10.4,,,
101,マルマイン,でんき,,ぼうおん,せいでんき,ゆうばく,60,50,70,80,80,150,66.6,,,
102,タマタマ,くさ,エスパー,ようりょくそ,,しゅうかく,60,40,80,60,45,40,2.5,,,
103,ナッシー,くさ,エスパー,ようりょくそ,,しゅうかく,95,95,85,125,75,55,120,,,
103,ナッシーA,くさ,ドラゴン,おみとおし,,しゅうかく,95,105,85,125,75,45,415.6,,,
104,カラカラ,じめん,,いしあたま,ひらいしん,カブトアーマー,50,50,95,40,50,35,6.5,,,
105,ガラガラ,じめん,,いしあたま,ひらいしん,カブトアーマー,60,80,110,50,80,45,45,,,
105,ガラガラA,ほのお,ゴースト,のろわれボディ,ひらいしん,いしあたま,60,80,110,50,80,45,34,,,
106,サワムラー,かくとう,,じゅうなん,すてみ,かるわざ,50,120,53,35,110,87,49.8,,,
107,エビワラー,かくとう,,するどいめ,てつのこぶし,せいしんりょく,50,105,79,35,110,76,50.2,,,
108,ベロリンガ,ノーマル,,マイペース,どんかん,ノーてんき,90,55,75,60,75,30,65.5,,,
109,ドガース,どく,,ふゆう,かがくへんかガス,あくしゅう,40,65,95,60,45,35,1,,,
110,マタドガス,どく,,ふゆう,かがくへんかガス,あくしゅう,65,90,120,85,70,60,9.5,,,
110,マタドガスG,どく,フェアリー,ふゆう,かがくへんかガス,ミストメイカー,65,90,120,85,70,60,16,,,
111,サイホーン,じめん,いわ,ひらいしん,いしあたま,すてみ,80,85,95,30,30,25,115,,,
112,サイドン,じめん,いわ,ひらいしん,いしあたま,すてみ,105,130,120,45,45,40,120,,,
113,ラッキー,ノーマル,,しぜんかいふく,てんのめぐみ,いやしのこころ,250,5,5,35,105,50,34.6,,,
114,モンジャラ,くさ,,ようりょくそ,リーフガード,さいせいりょく,65,55,115,100,40,60,35,,,
115,ガルーラ,ノーマル,,はやおき,きもったま,せいしんりょく,105,95,80,40,80,90,80,TRUE,TRUE,TRUE
115,メガガルーラ,ノーマル,,おやこあい,,,105,125,100,60,100,100,100,TRUE,TRUE,TRUE
116,タッツー,みず,,すいすい,スナイパー,しめりけ,30,40,70,70,25,60,8,,,
117,シードラ,みず,,どくのトゲ,スナイパー,しめりけ,55,65,95,95,45,85,25,,,
118,トサキント,みず,,すいすい,みずのベール,ひらいしん,45,67,60,35,50,63,15,,,
119,アズマオウ,みず,,すいすい,みずのベール,ひらいしん,80,92,65,65,80,68,39,,,
120,ヒトデマン,みず,,はっこう,しぜんかいふく,アナライズ,30,45,55,70,55,85,34.5,,,
121,スターミー,みず,エスパー,はっこう,しぜんかいふく,アナライズ,60,75,85,100,85,115,80,TRUE,TRUE,TRUE
121,メガスターミー,みず,エスパー,ちからもち,,,60,100,105,130,105,120,80,TRUE,TRUE,TRUE
122,バリヤード,エスパー,フェアリー,ぼうおん,フィルター,テクニシャン,40,45,65,100,120,90,54.5,,,
123,ストライク,むし,ひこう,むしのしらせ,テクニシャン,ふくつのこころ,70,110,80,55,80,105,56,,,
124,ルージュラ,こおり,エスパー,どんかん,よちむ,かんそうはだ,65,50,35,115,95,95,40.6,,,
125,エレブー,でんき,,せいでんき,,やるき,65,83,57,95,85,105,30,,,
126,ブーバー,ほのお,,ほのおのからだ,,やるき,65,95,57,100,85,93,44.5,,,
127,カイロス,むし,,かいりきバサミ,かたやぶり,じしんかじょう,65,125,100,55,70,85,55,TRUE,TRUE,TRUE
127,メガカイロス,むし,ひこう,スカイスキン,,,65,155,120,65,90,105,59,TRUE,TRUE,TRUE
128,ケンタロス,ノーマル,,いかく,いかりのつぼ,ちからずく,75,100,95,40,70,110,88.4,TRUE,TRUE,TRUE
128,ケンタロスP,かくとう,,いかく,いかりのつぼ,はんすう,75,110,105,30,70,100,490,TRUE,TRUE,TRUE
128,ケンタロスP炎,かくとう,ほのお,いかく,いかりのつぼ,はんすう,75,110,105,30,70,100,490,TRUE,TRUE,TRUE
128,ケンタロスP水,かくとう,みず,いかく,いかりのつぼ,はんすう,75,110,105,30,70,100,490,TRUE,TRUE,TRUE
129,コイキング,みず,,すいすい,,びびり,20,10,55,15,20,80,10,,,
130,ギャラドス,みず,ひこう,いかく,,じしんかじょう,95,125,79,60,100,81,235,TRUE,TRUE,TRUE
130,メガギャラドス,みず,あく,かたやぶり,,,95,155,109,70,130,81,305,TRUE,TRUE,TRUE
131,ラプラス,みず,こおり,ちょすい,シェルアーマー,うるおいボディ,130,85,80,85,95,60,220,,,
132,メタモン,ノーマル,,じゅうなん,,かわりもの,48,48,48,48,48,48,4,TRUE,TRUE,TRUE
133,イーブイ,ノーマル,,にげあし,てきおうりょく,きけんよち,55,55,50,45,65,55,6.5,,,
134,シャワーズ,みず,,ちょすい,,うるおいボディ,130,65,60,110,95,65,29,TRUE,TRUE,TRUE
135,サンダース,でんき,,ちくでん,,はやあし,65,65,60,110,95,130,24.5,TRUE,TRUE,TRUE
136,ブースター,ほのお,,もらいび,,こんじょう,65,130,60,95,110,65,25,TRUE,TRUE,TRUE
137,ポリゴン,ノーマル,,トレース,ダウンロード,アナライズ,65,60,70,85,75,40,36.5,,,
138,オムナイト,いわ,みず,すいすい,シェルアーマー,くだけるよろい,35,40,100,90,55,35,7.5,,,
139,オムスター,いわ,みず,すいすい,シェルアーマー,くだけるよろい,70,60,125,115,70,55,35,,,
140,カブト,いわ,みず,すいすい,カブトアーマー,くだけるよろい,30,80,90,55,45,55,11.5,,,
141,カブトプス,いわ,みず,すいすい,カブトアーマー,くだけるよろい,60,115,105,65,70,80,40.5,,,
142,プテラ,いわ,ひこう,いしあたま,プレッシャー,きんちょうかん,80,105,65,60,75,130,59,TRUE,TRUE,TRUE
142,メガプテラ,いわ,ひこう,かたいツメ,,,80,135,85,70,95,150,79,TRUE,TRUE,TRUE
143,カビゴン,ノーマル,,めんえき,あついしぼう,くいしんぼう,160,110,65,65,110,30,460,TRUE,TRUE,TRUE
144,フリーザー,こおり,ひこう,プレッシャー,,ゆきがくれ,90,85,100,95,125,85,55.4,,,
144,フリーザーG,エスパー,ひこう,かちき,,,90,85,85,125,100,95,580,,,
145,サンダー,でんき,ひこう,プレッシャー,,せいでんき,90,90,85,125,90,100,52.6,,,
145,サンダーG,かくとう,ひこう,まけんき,,,90,125,90,85,90,100,580,,,
146,ファイヤー,ほのお,ひこう,プレッシャー,,ほのおのからだ,90,100,90,125,85,90,60,,,
146,ファイヤーG,あく,ひこう,ぎゃくじょう,,,90,85,90,100,125,90,580,,,
147,ミニリュウ,ドラゴン,,だっぴ,,ふしぎなうろこ,41,64,45,50,50,50,3.3,,,
148,ハクリュー,ドラゴン,,だっぴ,,ふしぎなうろこ,61,84,65,70,70,70,16.5,,,
149,カイリュー,ドラゴン,ひこう,せいしんりょく,,マルチスケイル,91,134,95,100,100,80,210,TRUE,TRUE,TRUE
149,メガカイリュー,ドラゴン,ひこう,マルチスケイル,,,91,124,115,145,125,100,290,TRUE,TRUE,TRUE
150,ミュウツー,エスパー,,プレッシャー,,きんちょうかん,106,110,90,154,90,130,122,,,
150,メガミュウツーX,エスパー,かくとう,ふくつのこころ,,,106,190,100,154,100,130,127,,,
150,メガミュウツーY,エスパー,,ふみん,,,106,150,70,194,120,140,127,,,
151,ミュウ,エスパー,,シンクロ,,,100,100,100,100,100,100,4,,,
152,チコリータ,くさ,,しんりょく,,リーフガード,45,49,65,49,65,45,6.4,,,
153,ベイリーフ,くさ,,しんりょく,,リーフガード,60,62,80,63,80,60,15.8,,,
154,メガニウム,くさ,,しんりょく,,リーフガード,80,82,100,83,100,80,100.5,TRUE,TRUE,TRUE
154,メガメガニウム,くさ,フェアリー,メガソーラー,,,80,92,115,143,115,80,100.5,TRUE,TRUE,TRUE
155,ヒノアラシ,ほのお,,もうか,,もらいび,39,52,43,60,50,65,7.9,,,
156,マグマラシ,ほのお,,もうか,,もらいび,58,64,58,80,65,80,19,,,
157,バクフーン,ほのお,,もうか,,もらいび,78,84,78,109,85,100,79.5,TRUE,TRUE,TRUE
157,バクフーンH,ほのお,ゴースト,もうか,,おみとおし,73,84,78,119,85,95,69.8,TRUE,TRUE,TRUE
158,ワニノコ,みず,,げきりゅう,,ちからずく,50,65,64,44,48,43,9.5,,,
159,アリゲイツ,みず,,げきりゅう,,ちからずく,65,80,80,59,63,58,25,,,
160,オーダイル,みず,,げきりゅう,,ちからずく,85,105,100,79,83,78,88.8,TRUE,TRUE,TRUE
160,メガオーダイル,みず,ドラゴン,ドラゴンスキン,,,85,160,125,89,93,78,108.8,TRUE,TRUE,TRUE
161,オタチ,ノーマル,,にげあし,するどいめ,おみとおし,35,46,34,35,45,20,6,,,
162,オオタチ,ノーマル,,にげあし,するどいめ,おみとおし,85,76,64,45,55,90,32.5,,,
163,ホーホー,ノーマル,ひこう,ふみん,するどいめ,いろめがね,60,30,30,36,56,50,21.2,,,
164,ヨルノズク,ノーマル,ひこう,ふみん,するどいめ,いろめがね,100,50,50,86,96,70,40.8,,,
165,レディバ,むし,ひこう,むしのしらせ,はやおき,びびり,40,20,30,40,80,55,10.8,,,
166,レディアン,むし,ひこう,むしのしらせ,はやおき,てつのこぶし,55,35,50,55,110,85,35.6,,,
167,イトマル,むし,どく,むしのしらせ,ふみん,スナイパー,40,60,40,40,40,30,8.5,,,
168,アリアドス,むし,どく,むしのしらせ,ふみん,スナイパー,70,90,70,60,70,40,33.5,TRUE,TRUE,TRUE
169,クロバット,どく,ひこう,せいしんりょく,,すりぬけ,85,90,80,70,80,130,75,,,
170,チョンチー,みず,でんき,ちくでん,はっこう,ちょすい,75,38,38,56,56,67,12,,,
171,ランターン,みず,でんき,ちくでん,はっこう,ちょすい,125,58,58,76,76,67,22.5,,,
172,ピチュー,でんき,,せいでんき,,ひらいしん,20,40,15,35,35,60,2,,,
173,ピィ,フェアリー,,メロメロボディ,マジックガード,フレンドガード,50,25,28,45,55,15,3,,,
174,ププリン,ノーマル,フェアリー,メロメロボディ,かちき,フレンドガード,90,30,15,40,20,15,1,,,
175,トゲピー,フェアリー,,はりきり,てんのめぐみ,きょううん,35,20,65,40,65,20,1.5,,,
176,トゲチック,フェアリー,ひこう,はりきり,てんのめぐみ,きょううん,55,40,85,80,105,40,3.2,,,
177,ネイティ,エスパー,ひこう,シンクロ,はやおき,マジックミラー,40,50,45,70,45,70,2,,,
178,ネイティオ,エスパー,ひこう,シンクロ,はやおき,マジックミラー,65,75,70,95,70,95,15,,,
179,メリープ,でんき,,せいでんき,,プラス,55,40,40,65,45,35,7.8,,,
180,モココ,でんき,,せいでんき,,プラス,70,55,55,80,60,45,13.3,,,
181,メガデンリュウ,でんき,ドラゴン,かたやぶり,,,90,95,105,165,110,45,61.5,TRUE,TRUE,TRUE
181,デンリュウ,でんき,,せいでんき,,プラス,90,75,85,115,90,55,61.5,TRUE,TRUE,TRUE
182,キレイハナ,くさ,,ようりょくそ,,いやしのこころ,75,80,95,90,100,50,5.8,,,
183,マリル,みず,フェアリー,あついしぼう,ちからもち,そうしょく,70,20,50,20,50,40,8.5,,,
184,マリルリ,みず,フェアリー,あついしぼう,ちからもち,そうしょく,100,50,80,60,80,50,28.5,TRUE,TRUE,TRUE
185,ウソッキー,いわ,,がんじょう,いしあたま,びびり,70,100,115,30,65,30,38,,,
186,ニョロトノ,みず,,ちょすい,しめりけ,あめふらし,90,75,75,90,100,70,33.9,TRUE,TRUE,TRUE
187,ハネッコ,くさ,ひこう,ようりょくそ,リーフガード,すりぬけ,35,35,40,35,55,50,0.5,,,
188,ポポッコ,くさ,ひこう,ようりょくそ,リーフガード,すりぬけ,55,45,50,45,65,80,1,,,
189,ワタッコ,くさ,ひこう,ようりょくそ,リーフガード,すりぬけ,75,55,70,55,95,110,3,,,
190,エイパム,ノーマル,,にげあし,ものひろい,スキルリンク,55,70,55,40,55,85,11.5,,,
191,ヒマナッツ,くさ,,ようりょくそ,サンパワー,はやおき,30,30,30,30,30,30,1.8,,,
192,キマワリ,くさ,,ようりょくそ,サンパワー,はやおき,75,75,55,105,85,30,8.5,,,
193,ヤンヤンマ,むし,ひこう,かそく,ふくがん,おみとおし,65,65,45,75,45,95,38,,,
194,ウパー,みず,じめん,しめりけ,ちょすい,てんねん,55,45,45,25,25,15,8.5,,,
195,ヌオー,みず,じめん,しめりけ,ちょすい,てんねん,95,85,85,65,65,35,75,,,
196,エーフィ,エスパー,,シンクロ,,マジックミラー,65,65,60,130,95,110,26.5,TRUE,TRUE,TRUE
197,ブラッキー,あく,,シンクロ,,せいしんりょく,95,65,110,60,130,65,27,TRUE,TRUE,TRUE
198,ヤミカラス,あく,ひこう,ふみん,きょううん,いたずらごころ,60,85,42,85,42,91,2.1,,,
199,ヤドキング,みず,エスパー,どんかん,マイペース,さいせいりょく,95,75,80,100,110,30,79.5,TRUE,TRUE,TRUE
199,ヤドキングG,エスパー,どく,きみょうなくすり,マイペース,さいせいりょく,95,75,80,100,110,30,79.5,TRUE,TRUE,TRUE
200,ムウマ,ゴースト,,ふゆう,,,60,60,60,85,85,85,1,,,
201,アンノーン,エスパー,,ふゆう,,,48,72,48,72,48,48,5,,,
202,ソーナンス,エスパー,,かげふみ,,テレパシー,190,33,58,33,58,33,28.5,,,
203,キリンリキ,ノーマル,エスパー,せいしんりょく,はやおき,そうしょく,70,80,65,90,65,85,41.5,,,
204,クヌギダマ,むし,,がんじょう,,ぼうじん,50,65,90,35,35,15,7.2,,,
205,フォレトス,むし,はがね,がんじょう,,ぼうじん,75,90,140,60,60,40,125.8,TRUE,TRUE,TRUE
206,ノコッチ,ノーマル,,てんのめぐみ,にげあし,びびり,100,70,70,65,65,45,14,,,
207,グライガー,じめん,ひこう,かいりきバサミ,すながくれ,めんえき,65,75,105,35,65,85,64.8,,,
208,メガハガネール,はがね,じめん,すなのちから,,,75,125,230,55,95,30,740,TRUE,TRUE,TRUE
208,ハガネール,はがね,じめん,いしあたま,がんじょう,ちからずく,75,85,200,55,65,30,400,TRUE,TRUE,TRUE
209,ブルー,フェアリー,,いかく,にげあし,びびり,60,80,50,40,40,30,7.8,,,
210,グランブル,フェアリー,,いかく,はやあし,びびり,90,120,75,60,60,45,48.7,,,
211,ハリーセン,みず,どく,どくのトゲ,すいすい,いかく,65,95,85,55,55,85,3.9,,,TRUE
212,メガハッサム,むし,はがね,テクニシャン,,,70,150,140,65,100,75,125,TRUE,TRUE,TRUE
212,ハッサム,むし,はがね,むしのしらせ,テクニシャン,ライトメタル,70,130,100,55,80,65,118,TRUE,TRUE,TRUE
213,ツボツボ,むし,いわ,がんじょう,くいしんぼう,あまのじゃく,20,10,230,10,230,5,20.5,,,
214,メガヘラクロス,むし,かくとう,スキルリンク,,,80,185,115,40,105,75,62.5,TRUE,TRUE,TRUE
214,ヘラクロス,むし,かくとう,むしのしらせ,こんじょう,じしんかじょう,80,125,75,40,95,85,54,TRUE,TRUE,TRUE
215,ニューラ,あく,こおり,せいしんりょく,するどいめ,わるいてぐせ,55,95,55,35,75,115,28,,,
216,ヒメグマ,ノーマル,,ものひろい,はやあし,みつあつめ,60,80,50,50,50,40,8.8,,,
217,リングマ,ノーマル,,こんじょう,はやあし,きんちょうかん,90,130,75,75,75,55,125.8,,,
218,マグマッグ,ほのお,,マグマのよろい,ほのおのからだ,くだけるよろい,40,40,40,70,40,20,35,,,
219,マグカルゴ,ほのお,いわ,マグマのよろい,ほのおのからだ,くだけるよろい,60,50,120,90,80,30,55,,,
220,ウリムー,こおり,じめん,どんかん,ゆきがくれ,あついしぼう,50,50,40,30,30,50,6.5,,,
221,イノムー,こおり,じめん,どんかん,ゆきがくれ,あついしぼう,100,100,80,60,60,50,55.8,,,
222,サニーゴ,みず,いわ,はりきり,しぜんかいふく,さいせいりょく,65,55,95,65,95,35,5,,,
223,テッポウオ,みず,,はりきり,スナイパー,ムラっけ,35,65,35,65,35,65,12,,,
224,オクタン,みず,,きゅうばん,スナイパー,ムラっけ,75,105,75,105,75,45,28.5,,,
225,デリバード,こおり,ひこう,やるき,はりきり,ふみん,45,55,45,65,45,75,16,,,
226,マンタイン,みず,ひこう,すいすい,ちょすい,みずのベール,85,40,70,80,140,70,220,,,
227,エアームド,はがね,ひこう,するどいめ,がんじょう,くだけるよろい,65,80,140,40,70,70,50.5,TRUE,TRUE,TRUE
227,メガエアームド,はがね,ひこう,すじがねいり,,,65,140,110,40,100,110,40.4,TRUE,TRUE,TRUE
228,デルビル,あく,ほのお,はやおき,もらいび,きんちょうかん,45,60,30,80,50,65,10.8,,,
229,ヘルガー,あく,ほのお,はやおき,もらいび,きんちょうかん,75,90,50,110,80,95,35,TRUE,TRUE,TRUE
229,メガヘルガー,あく,ほのお,サンパワー,,,75,90,90,140,90,115,49.5,TRUE,TRUE,TRUE
230,キングドラ,みず,ドラゴン,すいすい,スナイパー,しめりけ,75,95,95,95,95,85,152,,,
231,ゴマゾウ,じめん,,ものひろい,,すながくれ,90,60,60,40,40,40,33.5,,,
232,ドンファン,じめん,,がんじょう,,すながくれ,90,120,120,60,60,50,120,,,
233,ポリゴン２,ノーマル,,トレース,ダウンロード,アナライズ,85,80,90,105,95,60,32.5,,,
234,オドシシ,ノーマル,,いかく,おみとおし,そうしょく,73,95,62,85,65,85,71.2,,,
235,ドーブル,ノーマル,,マイペース,テクニシャン,ムラっけ,55,20,35,20,45,75,58,,,
236,バルキー,かくとう,,こんじょう,ふくつのこころ,やるき,35,35,35,35,35,35,21,,,
237,カポエラー,かくとう,,いかく,テクニシャン,ふくつのこころ,50,95,95,35,110,70,48,,,
238,ムチュール,こおり,エスパー,どんかん,よちむ,うるおいボディ,45,30,15,85,65,65,6,,,
239,エレキッド,でんき,,せいでんき,,やるき,45,63,37,65,55,95,23.5,,,
240,ブビィ,ほのお,,ほのおのからだ,,やるき,45,75,37,70,55,83,21.4,,,
241,ミルタンク,ノーマル,,あついしぼう,きもったま,そうしょく,95,80,105,40,70,100,75.5,,,
242,ハピナス,ノーマル,,しぜんかいふく,てんのめぐみ,いやしのこころ,255,10,10,75,135,55,46.8,,,
243,ライコウ,でんき,,プレッシャー,,せいしんりょく,90,85,75,115,100,115,178,,,
244,エンテイ,ほのお,,プレッシャー,,せいしんりょく,115,115,85,90,75,100,198,,,
245,スイクン,みず,,プレッシャー,,せいしんりょく,100,75,115,90,115,85,187,,,
246,ヨーギラス,いわ,じめん,こんじょう,,すながくれ,50,64,50,45,50,41,72,,,
247,サナギラス,いわ,じめん,だっぴ,,,70,84,70,65,70,51,152,,,
248,バンギラス,いわ,あく,すなおこし,,きんちょうかん,100,134,110,95,100,61,202,TRUE,TRUE,TRUE
248,メガバンギラス,いわ,あく,すなおこし,,,100,164,150,95,120,71,255,TRUE,TRUE,TRUE
249,ルギア,エスパー,ひこう,プレッシャー,,マルチスケイル,106,90,130,90,154,110,216,,,
250,ホウオウ,ほのお,ひこう,プレッシャー,,さいせいりょく,106,130,90,110,154,90,199,,,
251,セレビィ,エスパー,くさ,しぜんかいふく,,,100,100,100,100,100,100,5,,,
252,キモリ,くさ,,しんりょく,,かるわざ,40,45,35,65,55,70,5,,,
253,ジュプトル,くさ,,しんりょく,,かるわざ,50,65,45,85,65,95,21.6,,,
254,ジュカイン,くさ,,しんりょく,,かるわざ,70,85,65,105,85,120,52.2,,,TRUE
254,メガジュカイン,くさ,ドラゴン,ひらいしん,,,70,110,75,145,85,145,55.2,,,TRUE
255,アチャモ,ほのお,,もうか,,かそく,45,60,40,70,50,45,2.5,,,
256,ワカシャモ,ほのお,かくとう,もうか,,かそく,60,85,60,85,60,55,19.5,,,
257,バシャーモ,ほのお,かくとう,もうか,,かそく,80,120,70,110,70,80,52,,,TRUE
257,メガバシャーモ,ほのお,かくとう,かそく,,,80,160,80,130,80,100,52,,,TRUE
258,ミズゴロウ,みず,,げきりゅう,,しめりけ,50,70,50,50,50,40,7.6,,,
259,ヌマクロー,みず,じめん,げきりゅう,,しめりけ,70,85,70,60,70,50,28,,,
260,ラグラージ,みず,じめん,げきりゅう,,しめりけ,100,110,90,85,90,60,81.9,,,TRUE
260,メガラグラージ,みず,じめん,すいすい,,,100,150,110,95,110,70,102,,,TRUE
261,ポチエナ,あく,,にげあし,はやあし,びびり,35,55,35,30,30,35,13.6,,,
262,グラエナ,あく,,いかく,はやあし,じしんかじょう,70,90,70,60,60,70,37,,,
263,ジグザグマ,ノーマル,,ものひろい,くいしんぼう,はやあし,38,30,41,30,41,60,17.5,,,
264,マッスグマ,ノーマル,,ものひろい,くいしんぼう,はやあし,78,70,61,50,61,100,32.5,,,
265,ケムッソ,むし,,りんぷん,,にげあし,45,45,35,20,30,20,3.6,,,
266,カラサリス,むし,,だっぴ,,,50,35,55,25,25,15,10,,,
267,アゲハント,むし,ひこう,むしのしらせ,,とうそうしん,60,70,50,100,50,65,28.4,,,
268,マユルド,むし,,だっぴ,,,50,35,55,25,25,15,11.5,,,
269,ドクケイル,むし,どく,りんぷん,,ふくがん,60,50,70,50,90,65,31.6,,,
270,ハスボー,みず,くさ,すいすい,あめうけざら,マイペース,40,30,30,40,50,30,2.6,,,
271,ハスブレロ,みず,くさ,すいすい,あめうけざら,マイペース,60,50,50,60,70,50,32.5,,,
272,ルンパッパ,みず,くさ,すいすい,あめうけざら,マイペース,80,70,70,90,100,70,55,,,
273,タネボー,くさ,,ようりょくそ,はやおき,わるいてぐせ,40,40,50,30,30,30,4,,,
274,コノハナ,くさ,あく,ようりょくそ,はやおき,わるいてぐせ,70,70,40,60,40,60,28,,,
275,ダーテング,くさ,あく,ようりょくそ,かぜのり,わるいてぐせ,90,100,60,90,60,80,59.6,,,
276,スバメ,ノーマル,ひこう,こんじょう,,きもったま,40,55,30,30,30,85,2.3,,,
277,オオスバメ,ノーマル,ひこう,こんじょう,,きもったま,60,85,60,75,50,125,19.8,,,
278,キャモメ,みず,ひこう,するどいめ,うるおいボディ,あめうけざら,40,30,30,55,30,85,9.5,,,
279,ペリッパー,みず,ひこう,するどいめ,あめふらし,あめうけざら,60,50,100,95,70,65,28,TRUE,TRUE,TRUE
280,ラルトス,エスパー,フェアリー,シンクロ,トレース,テレパシー,28,25,25,45,35,40,6.6,,,
281,キルリア,エスパー,フェアリー,シンクロ,トレース,テレパシー,38,35,35,65,55,50,20.2,,,
282,サーナイト,エスパー,フェアリー,シンクロ,トレース,テレパシー,68,65,65,125,115,80,48.4,TRUE,TRUE,TRUE
282,メガサーナイト,エスパー,フェアリー,フェアリースキン,,,68,85,65,165,135,100,48.4,TRUE,TRUE,TRUE
283,アメタマ,むし,みず,すいすい,,あめうけざら,40,30,32,50,52,65,1.7,,,
284,アメモース,むし,ひこう,いかく,,きんちょうかん,70,60,62,100,82,80,3.6,,,
285,キノココ,くさ,,ほうし,ポイズンヒール,はやあし,60,40,60,40,60,35,4.5,,,
286,キノガッサ,くさ,かくとう,ほうし,ポイズンヒール,テクニシャン,60,130,80,60,60,70,39.2,,,
287,ナマケロ,ノーマル,,なまけ,,,60,60,60,35,35,30,24,,,
288,ヤルキモノ,ノーマル,,やるき,,,80,80,80,55,55,90,46.5,,,
289,ケッキング,ノーマル,,なまけ,,,150,160,100,95,65,100,130.5,,,
290,ツチニン,むし,じめん,ふくがん,,にげあし,31,45,90,30,30,40,5.5,,,
291,テッカニン,むし,ひこう,かそく,,すりぬけ,61,90,45,50,50,160,12,,,
292,ヌケニン,むし,ゴースト,ふしぎなまもり,,,1,90,45,30,30,40,1.2,,,
293,ゴニョニョ,ノーマル,,ぼうおん,,びびり,64,51,23,51,23,28,16.3,,,
294,ドゴーム,ノーマル,,ぼうおん,,きもったま,84,71,43,71,43,48,40.5,,,
295,バクオング,ノーマル,,ぼうおん,,きもったま,104,91,63,91,73,68,84,,,
296,マクノシタ,かくとう,,あついしぼう,こんじょう,ちからずく,72,60,30,20,30,25,86.4,,,
297,ハリテヤマ,かくとう,,あついしぼう,こんじょう,ちからずく,144,120,60,40,60,50,253.8,,,
298,ルリリ,ノーマル,フェアリー,あついしぼう,ちからもち,そうしょく,50,20,40,20,40,20,2,,,
299,ノズパス,いわ,,がんじょう,じりょく,すなのちから,30,45,135,45,90,30,97,,,
300,エネコ,ノーマル,,メロメロボディ,ノーマルスキン,ミラクルスキン,50,45,45,35,35,50,11,,,
301,エネコロロ,ノーマル,,メロメロボディ,ノーマルスキン,ミラクルスキン,70,65,65,55,55,90,32.6,,,
302,ヤミラミ,あく,ゴースト,するどいめ,あとだし,いたずらごころ,50,75,75,65,65,50,11,TRUE,TRUE,TRUE
302,メガヤミラミ,あく,ゴースト,マジックミラー,,,50,85,125,85,115,20,161,TRUE,TRUE,TRUE
303,クチート,はがね,フェアリー,かいりきバサミ,いかく,ちからずく,50,85,85,55,55,50,11.5,,,TRUE
303,メガクチート,はがね,フェアリー,ちからもち,,,50,105,125,55,95,50,23.5,,,TRUE
304,ココドラ,はがね,いわ,がんじょう,いしあたま,ヘヴィメタル,50,70,100,40,40,30,60,,,
305,コドラ,はがね,いわ,がんじょう,いしあたま,ヘヴィメタル,60,90,140,50,50,40,120,,,
306,ボスゴドラ,はがね,いわ,がんじょう,いしあたま,ヘヴィメタル,70,110,180,60,60,50,360,TRUE,TRUE,TRUE
306,メガボスゴドラ,はがね,いわ,フィルター,,,70,140,230,60,80,50,395,TRUE,TRUE,TRUE
307,アサナン,かくとう,エスパー,ヨガパワー,,テレパシー,30,40,55,40,55,60,11.2,,,
308,チャーレム,かくとう,エスパー,ヨガパワー,,テレパシー,60,60,75,60,75,80,31.5,TRUE,TRUE,TRUE
308,メガチャーレム,かくとう,エスパー,ヨガパワー,,,60,100,85,80,85,100,31.5,TRUE,TRUE,TRUE
309,ラクライ,でんき,,せいでんき,ひらいしん,マイナス,40,45,40,65,40,65,15.2,,,
310,ライボルト,でんき,,せいでんき,ひらいしん,マイナス,70,75,60,105,60,105,40.2,TRUE,TRUE,TRUE
310,メガライボルト,でんき,,いかく,,,70,75,80,135,80,135,44,TRUE,TRUE,TRUE
311,プラスル,でんき,,プラス,,ひらいしん,60,50,40,85,75,95,4.2,,,
312,マイナン,でんき,,マイナス,,ちくでん,60,40,50,75,85,95,4.2,,,
313,バルビート,むし,,はっこう,むしのしらせ,いたずらごころ,65,73,75,47,85,85,17.7,,,
314,イルミーゼ,むし,,どんかん,いろめがね,いたずらごころ,65,47,75,73,85,85,17.7,,,
315,ロゼリア,くさ,どく,しぜんかいふく,どくのトゲ,リーフガード,50,60,45,100,80,65,2,,,
316,ゴクリン,どく,,ヘドロえき,ねんちゃく,くいしんぼう,70,43,53,43,53,40,10.3,,,
317,マルノーム,どく,,ヘドロえき,ねんちゃく,くいしんぼう,100,73,83,73,83,55,80,,,
318,キバニア,みず,あく,さめはだ,,かそく,45,90,20,65,20,65,20.8,,,
319,サメハダー,みず,あく,さめはだ,,かそく,70,120,40,95,40,95,88.8,TRUE,TRUE,TRUE
319,メガサメハダー,みず,あく,がんじょうあご,,,70,140,70,110,65,105,130.3,TRUE,TRUE,TRUE
320,ホエルコ,みず,,みずのベール,どんかん,プレッシャー,130,70,35,70,35,60,130,,,
321,ホエルオー,みず,,みずのベール,どんかん,プレッシャー,170,90,45,90,45,60,398,,,
322,ドンメル,ほのお,じめん,どんかん,たんじゅん,マイペース,60,60,40,65,45,35,24,,,
323,バクーダ,ほのお,じめん,マグマのよろい,ハードロック,いかりのつぼ,70,100,70,105,75,40,220,TRUE,TRUE,TRUE
323,メガバクーダ,ほのお,じめん,ちからずく,,,70,120,100,145,105,20,320.5,TRUE,TRUE,TRUE
324,コータス,ほのお,,しろいけむり,ひでり,シェルアーマー,70,85,140,85,70,20,80.4,TRUE,TRUE,TRUE
325,バネブー,エスパー,,あついしぼう,マイペース,くいしんぼう,60,25,35,70,80,60,30.6,,,
326,ブーピッグ,エスパー,,あついしぼう,マイペース,くいしんぼう,80,45,65,90,110,80,71.5,,,
327,パッチール,ノーマル,,マイペース,ちどりあし,あまのじゃく,60,60,60,60,60,60,5,,,
328,ナックラー,じめん,,かいりきバサミ,ありじごく,ちからずく,45,100,45,45,45,10,15,,,
329,ビブラーバ,じめん,ドラゴン,ふゆう,,,50,70,50,50,50,70,15.3,,,
330,フライゴン,じめん,ドラゴン,ふゆう,,,80,100,80,80,80,100,82,,,
331,サボネア,くさ,,すながくれ,,ちょすい,50,85,40,85,40,35,51.3,,,
332,ノクタス,くさ,あく,すながくれ,,ちょすい,70,115,60,115,60,55,77.4,,,
333,チルット,ノーマル,ひこう,しぜんかいふく,,ノーてんき,45,40,60,40,75,50,1.2,,,
334,チルタリス,ドラゴン,ひこう,しぜんかいふく,,ノーてんき,75,70,90,70,105,80,20.6,TRUE,TRUE,TRUE
334,メガチルタリス,ドラゴン,フェアリー,フェアリースキン,,,75,110,110,110,105,80,20.6,TRUE,TRUE,TRUE
335,ザングース,ノーマル,,めんえき,,どくぼうそう,73,115,60,60,60,90,40.3,,,
336,ハブネーク,どく,,だっぴ,,すりぬけ,73,100,60,100,60,65,52.5,,,
337,ルナトーン,いわ,エスパー,ふゆう,,,90,55,65,95,85,70,168,,,
338,ソルロック,いわ,エスパー,ふゆう,,,90,95,85,55,65,70,154,,,
339,ドジョッチ,みず,じめん,どんかん,きけんよち,うるおいボディ,50,48,43,46,41,60,1.9,,,
340,ナマズン,みず,じめん,どんかん,きけんよち,うるおいボディ,110,78,73,76,71,60,23.6,,,
341,ヘイガニ,みず,,かいりきバサミ,シェルアーマー,てきおうりょく,43,80,65,50,35,35,11.5,,,
342,シザリガー,みず,あく,かいりきバサミ,シェルアーマー,てきおうりょく,63,120,85,90,55,55,32.8,,,
343,ヤジロン,じめん,エスパー,ふゆう,,,40,40,55,40,70,55,21.5,,,
344,ネンドール,じめん,エスパー,ふゆう,,,60,70,105,70,120,75,108,,,
345,リリーラ,いわ,くさ,きゅうばん,,よびみず,66,41,77,61,87,23,23.8,,,
346,ユレイドル,いわ,くさ,きゅうばん,,よびみず,86,81,97,81,107,43,60.4,,,
347,アノプス,いわ,むし,カブトアーマー,,すいすい,45,95,50,40,50,75,12.5,,,
348,アーマルド,いわ,むし,カブトアーマー,,すいすい,75,125,100,70,80,45,68.2,,,
349,ヒンバス,みず,,すいすい,どんかん,てきおうりょく,20,15,20,10,55,80,7.4,,,
350,ミロカロス,みず,,ふしぎなうろこ,かちき,メロメロボディ,95,60,79,100,125,81,162,TRUE,TRUE,TRUE
351,ポワルン,こおり,,てんきや,,,70,70,70,70,70,70,0.8,TRUE,TRUE,TRUE
352,カクレオン,ノーマル,,へんしょく,,へんげんじざい,60,90,70,60,120,40,22,,,
353,カゲボウズ,ゴースト,,ふみん,おみとおし,のろわれボディ,44,75,35,63,33,45,2.3,,,
354,ジュペッタ,ゴースト,,ふみん,おみとおし,のろわれボディ,64,115,65,83,63,65,12.5,TRUE,TRUE,TRUE
354,メガジュペッタ,ゴースト,,いたずらごころ,,,64,165,75,93,83,75,13,TRUE,TRUE,TRUE
355,ヨマワル,ゴースト,,ふゆう,,おみとおし,20,40,90,30,90,25,15,,,
356,サマヨール,ゴースト,,プレッシャー,,おみとおし,40,70,130,60,130,25,30.6,,,
357,トロピウス,くさ,ひこう,ようりょくそ,サンパワー,しゅうかく,99,68,83,72,87,51,100,,,
358,チリーン,エスパー,,ふゆう,,,75,50,80,95,90,65,1,TRUE,TRUE,TRUE
358,メガチリーン,エスパー,はがね,ふゆう,,,75,50,110,135,120,65,8,TRUE,TRUE,TRUE
359,アブソル,あく,,プレッシャー,きょううん,せいぎのこころ,65,130,60,75,60,75,47,TRUE,TRUE,TRUE
359,メガアブソル,あく,,マジックミラー,,,65,150,60,115,60,115,49,TRUE,TRUE,TRUE
359,メガアブソルZ,あく,ゴースト,,,,65,154,60,75,60,151,49,,,
360,ソーナノ,エスパー,,かげふみ,,テレパシー,95,23,48,23,48,23,14,,,
361,ユキワラシ,こおり,,せいしんりょく,アイスボディ,ムラっけ,50,50,50,50,50,50,16.8,,,
362,オニゴーリ,こおり,,せいしんりょく,アイスボディ,ムラっけ,80,80,80,80,80,80,256.5,TRUE,TRUE,TRUE
362,メガオニゴーリ,こおり,,フリーズスキン,,,80,120,80,120,80,100,350.2,TRUE,TRUE,TRUE
363,タマザラシ,こおり,みず,あついしぼう,アイスボディ,どんかん,70,40,50,55,50,25,39.5,,,
364,トドグラー,こおり,みず,あついしぼう,アイスボディ,どんかん,90,60,70,75,70,45,87.6,,,
365,トドゼルガ,こおり,みず,あついしぼう,アイスボディ,どんかん,110,80,90,95,90,65,150.6,,,
366,パールル,みず,,シェルアーマー,,びびり,35,64,85,74,55,32,52.5,,,
367,ハンテール,みず,,すいすい,,みずのベール,55,104,105,94,75,52,27,,,
368,サクラビス,みず,,すいすい,,うるおいボディ,55,84,105,114,75,52,22.6,,,
369,ジーランス,みず,いわ,すいすい,いしあたま,がんじょう,100,90,130,45,65,55,23.4,,,
370,ラブカス,みず,,すいすい,,うるおいボディ,43,30,55,40,65,97,8.7,,,
371,タツベイ,ドラゴン,,いしあたま,,ちからずく,45,75,60,40,30,50,42.1,,,
372,コモルー,ドラゴン,,いしあたま,,ぼうじん,65,95,100,60,50,50,110.5,,,
373,ボーマンダ,ドラゴン,ひこう,いかく,,じしんかじょう,95,135,80,110,80,100,102.6,,,
373,メガボーマンダ,ドラゴン,ひこう,スカイスキン,,,95,145,130,120,90,120,112.6,,,
374,ダンバル,はがね,エスパー,クリアボディ,,ライトメタル,40,55,80,35,60,30,95.2,,,
375,メタング,はがね,エスパー,クリアボディ,,ライトメタル,60,75,100,55,80,50,202.5,,,
376,メタグロス,はがね,エスパー,クリアボディ,,ライトメタル,80,135,130,95,90,70,550,,,TRUE
376,メガメタグロス,はがね,エスパー,かたいツメ,,,80,145,150,105,110,110,942.9,,,TRUE
377,レジロック,いわ,,クリアボディ,,がんじょう,80,100,200,50,100,50,230,,,
378,レジアイス,こおり,,クリアボディ,,アイスボディ,80,50,100,100,200,50,175,,,
379,レジスチル,はがね,,クリアボディ,,ライトメタル,80,75,150,75,150,50,205,,,
380,ラティアス,ドラゴン,エスパー,ふゆう,,,80,80,90,110,130,110,40,,,
380,メガラティアス,ドラゴン,エスパー,ふゆう,,,80,100,120,140,150,110,52,,,
381,ラティオス,ドラゴン,エスパー,ふゆう,,,80,90,80,130,110,110,60,,,
381,メガラティオス,ドラゴン,エスパー,ふゆう,,,80,130,100,160,120,110,70,,,
382,カイオーガ,みず,,あめふらし,,,100,100,90,150,140,90,352,,,
382,ゲンシカイオーガ,みず,,はじまりのうみ,,,100,150,90,180,160,90,430,,,
383,グラードン,じめん,,ひでり,,,100,150,140,100,90,90,950,,,
383,ゲンシグラードン,じめん,ほのお,おわりのだいち,,,100,180,160,150,90,90,999.7,,,
384,レックウザ,ドラゴン,ひこう,エアロック,,,105,150,90,150,90,95,206.5,,,
384,メガレックウザ,ドラゴン,ひこう,デルタストリーム,,,105,180,100,180,100,115,392,,,
385,ジラーチ,はがね,エスパー,てんのめぐみ,,,100,100,100,100,100,100,1.1,,,
386,デオキシスN,エスパー,,プレッシャー,,,50,150,50,150,50,150,60.8,,,
386,デオキシスA,エスパー,,プレッシャー,,,50,180,20,180,20,150,60.8,,,
386,デオキシスD,エスパー,,プレッシャー,,,50,70,160,70,160,90,60.8,,,
386,デオキシスS,エスパー,,プレッシャー,,,50,95,90,95,90,180,60.8,,,
387,ナエトル,くさ,,しんりょく,,シェルアーマー,55,68,64,45,55,31,10.2,,,
388,ハヤシガメ,くさ,,しんりょく,,シェルアーマー,75,89,85,55,65,36,97,,,
389,ドダイトス,くさ,じめん,しんりょく,,シェルアーマー,95,109,105,75,85,56,310,TRUE,TRUE,TRUE
390,ヒコザル,ほのお,,もうか,,てつのこぶし,44,58,44,58,44,61,6.2,,,
391,モウカザル,ほのお,かくとう,もうか,,てつのこぶし,64,78,52,78,52,81,22,,,
392,ゴウカザル,ほのお,かくとう,もうか,,てつのこぶし,76,104,71,104,71,108,55,TRUE,TRUE,TRUE
393,ポッチャマ,みず,,げきりゅう,,かちき,53,51,53,61,56,40,5.2,,,
394,ポッタイシ,みず,,げきりゅう,,かちき,64,66,68,81,76,50,23,,,
395,エンペルト,みず,はがね,げきりゅう,,かちき,84,86,88,111,101,60,84.5,TRUE,TRUE,TRUE
396,ムックル,ノーマル,ひこう,するどいめ,,すてみ,40,55,30,30,30,60,2,,,
397,ムクバード,ノーマル,ひこう,いかく,,すてみ,55,75,50,40,40,80,15.5,,,
398,ムクホーク,ノーマル,ひこう,いかく,,すてみ,85,120,70,50,60,100,24.9,,,TRUE
398,メガムクホーク,かくとう,ひこう,あまのじゃく,,,85,140,100,60,90,110,50,,,TRUE
399,ビッパ,ノーマル,,たんじゅん,てんねん,ムラっけ,59,45,40,35,40,31,20,,,
400,ビーダル,ノーマル,みず,たんじゅん,てんねん,ムラっけ,79,85,60,55,60,71,31.5,,,
401,コロボーシ,むし,,だっぴ,,にげあし,37,25,41,25,41,25,2.2,,,
402,コロトック,むし,,むしのしらせ,,テクニシャン,77,85,51,55,51,65,25.5,,,
403,コリンク,でんき,,とうそうしん,いかく,こんじょう,45,65,34,40,34,45,9.5,,,
404,ルクシオ,でんき,,とうそうしん,いかく,こんじょう,60,85,49,60,49,60,30.5,,,
405,レントラー,でんき,,とうそうしん,いかく,こんじょう,80,120,79,95,79,70,42,TRUE,TRUE,TRUE
406,スボミー,くさ,どく,しぜんかいふく,どくのトゲ,リーフガード,40,30,35,50,70,55,1.2,,,
407,ロズレイド,くさ,どく,しぜんかいふく,どくのトゲ,テクニシャン,60,70,65,125,105,90,14.5,TRUE,TRUE,TRUE
408,ズガイドス,いわ,,かたやぶり,,ちからずく,67,125,40,30,30,58,31.5,,,
409,ラムパルド,いわ,,かたやぶり,,ちからずく,97,165,60,65,50,58,102.5,TRUE,TRUE,TRUE
410,タテトプス,いわ,はがね,がんじょう,,ぼうおん,30,42,118,42,88,30,57,,,
411,トリデプス,いわ,はがね,がんじょう,,ぼうおん,60,52,168,47,138,30,149.5,TRUE,TRUE,TRUE
412,ミノムッチ,むし,,だっぴ,,ぼうじん,40,29,45,29,45,36,3.4,,,
413,ミノマダム草,むし,くさ,きけんよち,,ぼうじん,60,59,85,79,105,36,6.5,,,
413,ミノマダム鋼,むし,はがね,きけんよち,,ぼうじん,60,59,85,79,105,36,6.5,,,
413,ミノマダム地面,むし,じめん,きけんよち,,ぼうじん,60,59,85,79,105,36,6.5,,,
414,ガーメイル,むし,ひこう,むしのしらせ,,いろめがね,70,94,50,94,50,66,23.3,,,
415,ミツハニー,むし,ひこう,みつあつめ,,はりきり,30,30,42,30,42,70,5.5,,,
416,ビークイン,むし,ひこう,プレッシャー,,きんちょうかん,70,80,102,80,102,40,38.5,,,
417,パチリス,でんき,,にげあし,ものひろい,ちくでん,60,45,70,45,90,95,3.9,,,
418,ブイゼル,みず,,すいすい,,みずのベール,55,65,35,60,30,85,29.5,,,
419,フローゼル,みず,,すいすい,,みずのベール,85,105,55,85,50,115,33.5,,,
420,チェリンボ,くさ,,ようりょくそ,,,45,35,45,62,53,35,3.3,,,
421,チェリム,くさ,,フラワーギフト,,,70,60,70,87,78,85,9.3,,,
422,カラナクシ,みず,,ねんちゃく,よびみず,すなのちから,76,48,48,57,62,34,6.3,,,
423,トリトドン,みず,じめん,ねんちゃく,よびみず,すなのちから,111,83,68,92,82,39,29.9,,,
424,エテボース,ノーマル,,テクニシャン,ものひろい,スキルリンク,75,100,66,60,66,115,20.3,,,
425,フワンテ,ゴースト,ひこう,ゆうばく,かるわざ,ねつぼうそう,90,50,34,60,44,70,1.2,,,
426,フワライド,ゴースト,ひこう,ゆうばく,かるわざ,ねつぼうそう,150,80,44,90,54,80,15,,,
427,ミミロル,ノーマル,,にげあし,ぶきよう,じゅうなん,55,66,44,44,56,85,5.5,,,
428,ミミロップ,ノーマル,,メロメロボディ,ぶきよう,じゅうなん,65,76,84,54,96,105,33.3,TRUE,TRUE,TRUE
428,メガミミロップ,ノーマル,かくとう,きもったま,,,65,136,94,54,96,135,28.3,TRUE,TRUE,TRUE
429,ムウマージ,ゴースト,,ふゆう,,,60,60,60,105,105,105,4.4,,,
430,ドンカラス,あく,ひこう,ふみん,きょううん,じしんかじょう,100,125,52,105,52,71,27.3,,,
431,ニャルマー,ノーマル,,じゅうなん,マイペース,するどいめ,49,55,42,42,37,85,3.9,,,
432,ブニャット,ノーマル,,あついしぼう,マイペース,まけんき,71,82,64,64,59,112,43.8,,,
433,リーシャン,エスパー,,ふゆう,,,45,30,50,65,50,45,0.6,,,
434,スカンプー,どく,あく,あくしゅう,ゆうばく,するどいめ,63,63,47,41,41,74,19.2,,,
435,スカタンク,どく,あく,あくしゅう,ゆうばく,するどいめ,103,93,67,71,61,84,38,,,
436,ドーミラー,はがね,エスパー,ふゆう,たいねつ,ヘヴィメタル,57,24,86,24,86,23,60.5,,,
437,ドータクン,はがね,エスパー,ふゆう,たいねつ,ヘヴィメタル,67,89,116,79,116,33,187,,,
438,ウソハチ,いわ,,がんじょう,いしあたま,びびり,50,80,95,10,45,10,15,,,
439,マネネ,エスパー,フェアリー,ぼうおん,フィルター,テクニシャン,20,25,45,70,90,60,13,,,
440,ピンプク,ノーマル,,しぜんかいふく,てんのめぐみ,フレンドガード,100,5,5,15,65,30,24.4,,,
441,ペラップ,ノーマル,ひこう,するどいめ,ちどりあし,はとむね,76,65,45,92,42,91,1.9,,,
442,ミカルゲ,ゴースト,あく,プレッシャー,,すりぬけ,50,92,108,92,108,35,108,TRUE,TRUE,TRUE
443,フカマル,ドラゴン,じめん,すながくれ,,さめはだ,58,70,45,40,45,42,20.5,,,
444,ガバイト,ドラゴン,じめん,すながくれ,,さめはだ,68,90,65,50,55,82,56,,,
445,ガブリアス,ドラゴン,じめん,すながくれ,,さめはだ,108,130,95,80,85,102,95,TRUE,TRUE,TRUE
445,メガガブリアス,ドラゴン,じめん,すなのちから,,,108,170,115,120,95,92,95,TRUE,TRUE,TRUE
445,メガガブリアスZ,ドラゴン,,,,,108,130,85,141,85,151,99,,,
446,ゴンベ,ノーマル,,ものひろい,あついしぼう,くいしんぼう,135,85,40,40,85,5,105,,,
447,リオル,かくとう,,ふくつのこころ,せいしんりょく,いたずらごころ,40,70,40,35,40,60,20.2,,,
448,ルカリオ,かくとう,はがね,ふくつのこころ,せいしんりょく,せいぎのこころ,70,110,70,115,70,90,54,TRUE,TRUE,TRUE
448,メガルカリオ,かくとう,はがね,てきおうりょく,,,70,145,88,140,70,112,57.5,TRUE,TRUE,TRUE
448,メガルカリオZ,かくとう,はがね,,,,70,100,70,164,70,151,49.4,,,
449,ヒポポタス,じめん,,すなおこし,,すなのちから,68,72,78,38,42,32,49.5,,,
450,カバルドン,じめん,,すなおこし,,すなのちから,108,112,118,68,72,47,300,TRUE,TRUE,TRUE
451,スコルピ,どく,むし,カブトアーマー,スナイパー,するどいめ,40,50,90,30,55,65,12,,,
452,ドラピオン,どく,あく,カブトアーマー,スナイパー,するどいめ,70,90,110,60,75,95,61.5,,,
453,グレッグル,どく,かくとう,きけんよち,かんそうはだ,どくしゅ,48,61,40,61,40,50,23,,,
454,ドクロッグ,どく,かくとう,きけんよち,かんそうはだ,どくしゅ,83,106,65,86,65,85,44.4,TRUE,TRUE,TRUE
455,マスキッパ,くさ,,ふゆう,,,74,100,72,90,72,46,27,,,
456,ケイコウオ,みず,,すいすい,よびみず,みずのベール,49,49,56,49,61,66,7,,,
457,ネオラント,みず,,すいすい,よびみず,みずのベール,69,69,76,69,86,91,24,,,
458,タマンタ,みず,ひこう,すいすい,ちょすい,みずのベール,45,20,50,60,120,50,65,,,
459,ユキカブリ,くさ,こおり,ゆきふらし,,ぼうおん,60,62,50,62,60,40,50.5,,,
460,ユキノオー,くさ,こおり,ゆきふらし,,ぼうおん,90,92,75,92,85,60,135.5,TRUE,TRUE,TRUE
460,メガユキノオー,くさ,こおり,ゆきふらし,,,90,132,105,132,105,30,185,TRUE,TRUE,TRUE
461,マニューラ,あく,こおり,プレッシャー,,わるいてぐせ,70,120,65,45,85,125,34,TRUE,TRUE,TRUE
462,ジバコイル,でんき,はがね,じりょく,がんじょう,アナライズ,70,70,115,130,90,60,180,,,
463,ベロベルト,ノーマル,,マイペース,どんかん,ノーてんき,110,85,95,80,95,50,140,,,
464,ドサイドン,じめん,いわ,ひらいしん,ハードロック,すてみ,115,140,130,55,55,40,282.8,TRUE,TRUE,TRUE
465,モジャンボ,くさ,,ようりょくそ,リーフガード,さいせいりょく,100,100,125,110,50,50,128.6,,,
466,エレキブル,でんき,,でんきエンジン,,やるき,75,123,67,95,85,95,138.6,,,
467,ブーバーン,ほのお,,ほのおのからだ,,やるき,75,95,67,125,95,83,68,,,
468,トゲキッス,フェアリー,ひこう,はりきり,てんのめぐみ,きょううん,85,50,95,120,115,80,38,,,
469,メガヤンマ,むし,ひこう,かそく,いろめがね,おみとおし,86,76,86,116,56,95,51.5,,,
470,リーフィア,くさ,,リーフガード,,ようりょくそ,65,110,130,60,65,95,25.5,TRUE,TRUE,TRUE
471,グレイシア,こおり,,ゆきがくれ,,アイスボディ,65,60,110,130,95,65,25.9,TRUE,TRUE,TRUE
472,グライオン,じめん,ひこう,かいりきバサミ,すながくれ,ポイズンヒール,75,95,125,45,75,95,42.5,TRUE,TRUE,TRUE
473,マンムー,こおり,じめん,どんかん,ゆきがくれ,あついしぼう,110,130,80,70,60,80,291,TRUE,TRUE,TRUE
474,ポリゴンＺ,ノーマル,,てきおうりょく,ダウンロード,アナライズ,85,80,70,135,75,90,34,,,
475,エルレイド,エスパー,かくとう,ふくつのこころ,きれあじ,せいぎのこころ,68,125,65,65,115,80,52,TRUE,TRUE,TRUE
475,メガエルレイド,エスパー,かくとう,せいしんりょく,,,68,165,95,65,115,110,56.4,TRUE,TRUE,TRUE
476,ダイノーズ,いわ,はがね,がんじょう,じりょく,すなのちから,60,55,145,75,150,40,340,,,
477,ヨノワール,ゴースト,,プレッシャー,,おみとおし,45,100,135,65,135,45,106.6,,,
478,ユキメノコ,こおり,ゴースト,ゆきがくれ,,のろわれボディ,70,80,70,80,70,110,26.6,TRUE,TRUE,TRUE
478,メガユキメノコ,こおり,ゴースト,ゆきふらし,,,70,80,70,140,100,120,29.6,TRUE,TRUE,TRUE
479,ロトム,でんき,ゴースト,ふゆう,,,50,50,77,95,77,91,0.3,TRUE,TRUE,TRUE
479,ロトム炎,でんき,ほのお,ふゆう,,,50,65,107,105,107,86,0.3,TRUE,TRUE,TRUE
479,ロトム水,でんき,みず,ふゆう,,,50,65,107,105,107,86,0.3,TRUE,TRUE,TRUE
479,ロトム氷,でんき,こおり,ふゆう,,,50,65,107,105,107,86,0.3,TRUE,TRUE,TRUE
479,ロトム飛,でんき,ひこう,ふゆう,,,50,65,107,105,107,86,0.3,TRUE,TRUE,TRUE
479,ロトム草,でんき,くさ,ふゆう,,,50,65,107,105,107,86,0.3,TRUE,TRUE,TRUE
480,ユクシー,エスパー,,ふゆう,,,75,75,130,75,130,95,0.3,,,
481,エムリット,エスパー,,ふゆう,,,80,105,105,105,105,80,0.3,,,
482,アグノム,エスパー,,ふゆう,,,75,125,70,125,70,115,0.3,,,
483,ディアルガ,はがね,ドラゴン,プレッシャー,,テレパシー,100,120,120,150,100,90,683,,,
484,パルキア,みず,ドラゴン,プレッシャー,,テレパシー,90,120,100,150,120,100,336,,,
485,ヒードラン,ほのお,はがね,もらいび,,ほのおのからだ,91,90,106,130,106,77,430,,,
485,メガヒードラン,ほのお,はがね,,,,91,120,106,175,141,67,570,,,
486,レジギガス,ノーマル,,スロースタート,,,110,160,110,80,110,100,420,,,
486,ギラティナA,ゴースト,ドラゴン,プレッシャー,,テレパシー,150,100,120,100,120,90,750,,,
487,ギラティナO,ゴースト,ドラゴン,ふゆう,,,150,120,100,120,100,90,650,,,
488,クレセリア,エスパー,,ふゆう,,,120,70,110,75,120,85,85.6,,,
489,フィオネ,みず,,うるおいボディ,,,80,80,80,80,80,80,3.1,,,
490,マナフィ,みず,,うるおいボディ,,,100,100,100,100,100,100,1.4,,,
491,ダークライ,あく,,ナイトメア,,,70,90,90,135,90,125,50.5,,,
491,メガダークライ,あく,,,,,70,120,130,165,130,85,240,,,
492,シェイミL,くさ,,しぜんかいふく,,,100,100,100,100,100,100,2.1,,,
492,シェイミS,くさ,ひこう,てんのめぐみ,,,100,103,75,120,75,127,5.2,,,
493,アルセウス,ノーマル,,マルチタイプ,,,120,120,120,120,120,120,320,,,
493,アルセウスくさ,くさ,,マルチタイプ,,,120,120,120,120,120,120,320,,,
493,アルセウスほのお,ほのお,,マルチタイプ,,,120,120,120,120,120,120,320,,,
493,アルセウスみず,みず,,マルチタイプ,,,120,120,120,120,120,120,320,,,
493,アルセウスむし,むし,,マルチタイプ,,,120,120,120,120,120,120,320,,,
493,アルセウスノーマル,ノーマル,,マルチタイプ,,,120,120,120,120,120,120,320,,,
493,アルセウスあく,あく,,マルチタイプ,,,120,120,120,120,120,120,320,,,
493,アルセウスどく,どく,,マルチタイプ,,,120,120,120,120,120,120,320,,,
493,アルセウスでんき,でんき,,マルチタイプ,,,120,120,120,120,120,120,320,,,
493,アルセウスこおり,こおり,,マルチタイプ,,,120,120,120,120,120,120,320,,,
493,アルセウスフェアリー,フェアリー,,マルチタイプ,,,120,120,120,120,120,120,320,,,
493,アルセウスじめん,じめん,,マルチタイプ,,,120,120,120,120,120,120,320,,,
493,アルセウスかくとう,かくとう,,マルチタイプ,,,120,120,120,120,120,120,320,,,
493,アルセウスエスパー,エスパー,,マルチタイプ,,,120,120,120,120,120,120,320,,,
493,アルセウスいわ,いわ,,マルチタイプ,,,120,120,120,120,120,120,320,,,
493,アルセウスゴースト,ゴースト,,マルチタイプ,,,120,120,120,120,120,120,320,,,
493,アルセウスドラゴン,ドラゴン,,マルチタイプ,,,120,120,120,120,120,120,320,,,
493,アルセウスはがね,はがね,,マルチタイプ,,,120,120,120,120,120,120,320,,,
493,アルセウスひこう,ひこう,,マルチタイプ,,,120,120,120,120,120,120,320,,,
494,ビクティニ,エスパー,ほのお,しょうりのほし,,,100,100,100,100,100,100,4,,,
495,ツタージャ,くさ,,しんりょく,,あまのじゃく,45,45,55,45,55,63,8.1,,,
496,ジャノビー,くさ,,しんりょく,,あまのじゃく,60,60,75,60,75,83,16,,,
497,ジャローダ,くさ,,しんりょく,,あまのじゃく,75,75,95,75,95,113,63,TRUE,TRUE,TRUE
498,ポカブ,ほのお,,もうか,,あついしぼう,65,63,45,45,45,45,9.9,,,
499,チャオブー,ほのお,かくとう,もうか,,あついしぼう,90,93,55,70,55,55,55.5,,,
500,エンブオー,ほのお,かくとう,もうか,,すてみ,110,123,65,100,65,65,150,TRUE,TRUE,TRUE
500,メガエンブオー,ほのお,かくとう,かたやぶり,,,110,148,75,110,110,75,180.3,TRUE,TRUE,TRUE
501,ミジュマル,みず,,げきりゅう,,シェルアーマー,55,55,45,63,45,45,5.9,,,
502,フタチマル,みず,,げきりゅう,,シェルアーマー,75,75,60,83,60,60,24.5,,,
503,ダイケンキ,みず,,げきりゅう,,シェルアーマー,95,100,85,108,70,70,94.6,TRUE,TRUE,TRUE
503,ダイケンキH,みず,あく,げきりゅう,,きれあじ,90,108,80,100,65,85,94.6,TRUE,TRUE,TRUE
504,ミネズミ,ノーマル,,にげあし,するどいめ,アナライズ,45,55,39,35,39,42,11.6,,,
505,ミルホッグ,ノーマル,,はっこう,するどいめ,アナライズ,60,85,69,60,69,77,27,TRUE,TRUE,TRUE
506,ヨーテリー,ノーマル,,やるき,ものひろい,にげあし,45,60,45,25,45,55,4.1,,,
507,ハーデリア,ノーマル,,いかく,すなかき,きもったま,65,80,65,35,65,60,14.7,,,
508,ムーランド,ノーマル,,いかく,すなかき,きもったま,85,110,90,45,90,80,61,,,
509,チョロネコ,あく,,じゅうなん,かるわざ,いたずらごころ,41,50,37,50,37,66,10.1,,,
510,レパルダス,あく,,じゅうなん,かるわざ,いたずらごころ,64,88,50,88,50,106,37.5,TRUE,TRUE,TRUE
511,ヤナップ,くさ,,くいしんぼう,,しんりょく,50,53,48,53,48,64,10.5,,,
512,ヤナッキー,くさ,,くいしんぼう,,しんりょく,75,98,63,98,63,101,30.5,TRUE,TRUE,TRUE
513,バオップ,ほのお,,くいしんぼう,,もうか,50,53,48,53,48,64,11,,,
514,バオッキー,ほのお,,くいしんぼう,,もうか,75,98,63,98,63,101,28,TRUE,TRUE,TRUE
515,ヒヤップ,みず,,くいしんぼう,,げきりゅう,50,53,48,53,48,64,13.5,,,
516,ヒヤッキー,みず,,くいしんぼう,,げきりゅう,75,98,63,98,63,101,29,TRUE,TRUE,TRUE
517,ムンナ,エスパー,,よちむ,シンクロ,テレパシー,76,25,45,67,55,24,23.3,,,
518,ムシャーナ,エスパー,,よちむ,シンクロ,テレパシー,116,55,85,107,95,29,60.5,,,TRUE
519,マメパト,ノーマル,ひこう,はとむね,きょううん,とうそうしん,50,55,50,36,30,43,2.1,,,
520,ハトーボー,ノーマル,ひこう,はとむね,きょううん,とうそうしん,62,77,62,50,42,65,15,,,
521,ケンホロウ,ノーマル,ひこう,はとむね,きょううん,とうそうしん,80,115,80,65,55,93,29,,,
522,シママ,でんき,,ひらいしん,でんきエンジン,そうしょく,45,60,32,50,32,76,29.8,,,
523,ゼブライカ,でんき,,ひらいしん,でんきエンジン,そうしょく,75,100,63,80,63,116,79.5,,,
524,ダンゴロ,いわ,,がんじょう,くだけるよろい,すなのちから,55,75,85,25,25,15,18,,,
525,ガントル,いわ,,がんじょう,くだけるよろい,すなのちから,70,105,105,50,40,20,102,,,
526,ギガイアス,いわ,,がんじょう,すなおこし,すなのちから,85,135,130,60,80,25,260,,,
527,コロモリ,エスパー,ひこう,てんねん,ぶきよう,たんじゅん,65,45,43,55,43,72,2.1,,,
528,ココロモリ,エスパー,ひこう,てんねん,ぶきよう,たんじゅん,67,57,55,77,55,114,10.5,,,
529,モグリュー,じめん,,すなかき,すなのちから,かたやぶり,60,85,40,30,45,68,8.5,,,
530,ドリュウズ,じめん,はがね,すなかき,すなのちから,かたやぶり,110,135,60,50,65,88,40.4,TRUE,TRUE,TRUE
530,メガドリュウズ,はがね,じめん,かんつうドリル,,,110,165,100,65,65,103,60,TRUE,TRUE,TRUE
531,タブンネ,ノーマル,,いやしのこころ,さいせいりょく,ぶきよう,103,60,86,60,86,50,31,TRUE,TRUE,TRUE
531,メガタブンネ,ノーマル,フェアリー,いやしのこころ,,,103,60,126,80,126,50,32,TRUE,TRUE,TRUE
532,ドッコラー,かくとう,,こんじょう,ちからずく,てつのこぶし,75,80,55,25,35,35,12.5,,,
533,ドテッコツ,かくとう,,こんじょう,ちからずく,てつのこぶし,85,105,85,40,50,40,40,,,
534,ローブシン,かくとう,,こんじょう,ちからずく,てつのこぶし,105,140,95,55,65,45,87,TRUE,TRUE,TRUE
535,オタマロ,みず,,すいすい,うるおいボディ,ちょすい,50,50,40,50,40,64,4.5,,,
536,ガマガル,みず,じめん,すいすい,うるおいボディ,ちょすい,75,65,55,65,55,69,17,,,
537,ガマゲロゲ,みず,じめん,すいすい,どくしゅ,ちょすい,105,95,75,85,75,74,62,,,
538,ナゲキ,かくとう,,こんじょう,せいしんりょく,かたやぶり,120,100,85,30,85,45,55.5,,,
539,ダゲキ,かくとう,,がんじょう,せいしんりょく,かたやぶり,75,125,75,30,75,85,51,,,
540,クルミル,むし,くさ,むしのしらせ,ようりょくそ,ぼうじん,45,53,70,40,60,42,2.5,,,
541,クルマユ,むし,くさ,リーフガード,ようりょくそ,ぼうじん,55,63,90,50,80,42,7.3,,,
542,ハハコモリ,むし,くさ,むしのしらせ,ようりょくそ,ぼうじん,75,103,80,70,80,92,20.5,,,
543,フシデ,むし,どく,どくのトゲ,むしのしらせ,かそく,30,45,59,30,39,57,5.3,,,
544,ホイーガ,むし,どく,どくのトゲ,むしのしらせ,かそく,40,55,99,40,79,47,58.5,,,
545,ペンドラー,むし,どく,どくのトゲ,むしのしらせ,かそく,60,100,89,55,69,112,200.5,,,TRUE
545,メガペンドラー,むし,どく,シェルアーマー,,,60,140,149,75,99,62,230.5,,,TRUE
546,モンメン,くさ,フェアリー,いたずらごころ,すりぬけ,ようりょくそ,40,27,60,37,50,66,0.6,,,
547,エルフーン,くさ,フェアリー,いたずらごころ,すりぬけ,ようりょくそ,60,67,85,77,75,116,6.6,TRUE,TRUE,TRUE
548,チュリネ,くさ,,ようりょくそ,マイペース,リーフガード,45,35,50,70,50,30,6.6,,,
549,ドレディア,くさ,,ようりょくそ,マイペース,リーフガード,70,60,75,110,75,90,16.3,,,
550,バスラオ,みず,,いしあたま,てきおうりょく,かたやぶり,70,92,65,80,55,98,18,,,
551,メグロコ,じめん,あく,いかく,じしんかじょう,いかりのつぼ,50,72,35,35,35,65,15.2,,,
552,ワルビル,じめん,あく,いかく,じしんかじょう,いかりのつぼ,60,82,45,45,45,74,33.4,,,
553,ワルビアル,じめん,あく,いかく,じしんかじょう,いかりのつぼ,95,117,80,65,70,92,96.3,TRUE,TRUE,TRUE
554,ダルマッカN,ほのお,,はりきり,,せいしんりょく,70,90,45,15,45,50,37.5,,,
554,ダルマッカG,こおり,,はりきり,,せいしんりょく,70,90,45,15,45,50,40,,,
555,ヒヒダルマN,ほのお,,ちからずく,,ダルマモード,105,140,55,30,55,95,40,,,
555,ヒヒダルマD,ほのお,エスパー,ダルマモード,,,105,30,105,140,105,55,92.9,,,
555,ヒヒダルマG,こおり,,ごりむちゅう,,ダルマモード,105,140,55,30,55,95,120,,,
556,マラカッチ,くさ,,ちょすい,ようりょくそ,よびみず,75,86,67,106,67,60,28,,,
557,イシズマイ,むし,いわ,がんじょう,シェルアーマー,くだけるよろい,50,65,85,35,35,55,14.5,,,
558,イワパレス,むし,いわ,がんじょう,シェルアーマー,くだけるよろい,70,105,125,65,75,45,200,,,
559,ズルッグ,あく,かくとう,だっぴ,じしんかじょう,いかく,50,75,70,35,70,48,11.8,,,
560,ズルズキン,あく,かくとう,だっぴ,じしんかじょう,いかく,65,90,115,45,115,58,30,,,TRUE
560,メガズルズキン,あく,かくとう,いかく,,,65,130,135,55,135,68,31,,,TRUE
561,シンボラー,エスパー,ひこう,ミラクルスキン,マジックガード,いろめがね,72,58,80,103,80,97,14,,,
562,デスマス,じめん,ゴースト,ミイラ,,,38,30,85,55,65,30,1.5,,,
563,デスカーン,ゴースト,,ミイラ,,,58,50,145,95,105,30,76.5,TRUE,TRUE,TRUE
564,プロトーガ,みず,いわ,ハードロック,がんじょう,すいすい,54,78,103,53,45,22,16.5,,,
565,アバゴーラ,みず,いわ,ハードロック,がんじょう,すいすい,74,108,133,83,65,32,81,,,
566,アーケン,いわ,ひこう,よわき,,,55,112,45,74,45,70,9.5,,,
567,アーケオス,いわ,ひこう,よわき,,,75,140,65,112,65,110,32,,,
568,ヤブクロン,どく,,あくしゅう,ねんちゃく,ゆうばく,50,50,62,40,62,65,31,,,
569,ダストダス,どく,,あくしゅう,くだけるよろい,ゆうばく,80,95,82,60,82,75,107.3,TRUE,TRUE,TRUE
570,ゾロア,あく,,イリュージョン,,,40,65,40,80,40,65,12.5,,,
570,ゾロアH,ノーマル,ゴースト,イリュージョン,,,35,60,40,85,40,70,12.5,,,
571,ゾロアーク,あく,,イリュージョン,,,60,105,60,120,60,105,81.1,TRUE,TRUE,TRUE
571,ゾロアークH,ノーマル,ゴースト,イリュージョン,,,55,100,60,125,60,110,81.1,TRUE,TRUE,TRUE
572,チラーミィ,ノーマル,,メロメロボディ,テクニシャン,スキルリンク,55,50,40,40,40,75,5.8,,,
573,チラチーノ,ノーマル,,メロメロボディ,テクニシャン,スキルリンク,75,95,60,65,60,115,7.5,,,
574,ゴチム,エスパー,,おみとおし,かちき,かげふみ,45,30,50,55,65,45,5.8,,,
575,ゴチミル,エスパー,,おみとおし,かちき,かげふみ,60,45,70,75,85,55,18,,,
576,ゴチルゼル,エスパー,,おみとおし,かちき,かげふみ,70,55,95,95,110,65,44,,,
577,ユニラン,エスパー,,ぼうじん,マジックガード,さいせいりょく,45,30,40,105,50,20,1,,,
578,ダブラン,エスパー,,ぼうじん,マジックガード,さいせいりょく,65,40,50,125,60,30,8,,,
579,ランクルス,エスパー,,ぼうじん,マジックガード,さいせいりょく,110,65,75,125,85,30,20.1,TRUE,TRUE,TRUE
580,コアルヒー,みず,ひこう,するどいめ,はとむね,うるおいボディ,62,44,50,44,50,55,5.5,,,
581,スワンナ,みず,ひこう,するどいめ,はとむね,うるおいボディ,75,87,63,87,63,98,24.2,,,
582,バニプッチ,こおり,,アイスボディ,ゆきがくれ,くだけるよろい,36,50,50,65,60,44,5.7,,,
583,バニリッチ,こおり,,アイスボディ,ゆきがくれ,くだけるよろい,51,65,65,80,75,59,41,,,
584,バイバニラ,こおり,,アイスボディ,ゆきふらし,くだけるよろい,71,95,85,110,95,79,57.5,TRUE,TRUE,TRUE
585,シキジカ,ノーマル,くさ,ようりょくそ,そうしょく,てんのめぐみ,60,60,50,40,50,75,19.5,,,
586,メブキジカ,ノーマル,くさ,ようりょくそ,そうしょく,てんのめぐみ,80,100,70,60,70,95,92.5,,,
587,エモンガ,でんき,ひこう,せいでんき,,でんきエンジン,55,75,60,75,60,103,5,TRUE,TRUE,TRUE
588,カブルモ,むし,,むしのしらせ,だっぴ,ノーガード,50,75,45,40,45,60,5.9,,,
589,シュバルゴ,むし,はがね,むしのしらせ,シェルアーマー,ぼうじん,70,135,105,60,105,20,33,,,
590,タマゲタケ,くさ,どく,ほうし,,さいせいりょく,69,55,45,55,55,15,1,,,
591,モロバレル,くさ,どく,ほうし,,さいせいりょく,114,85,70,85,80,30,10.5,,,
592,プルリル,みず,ゴースト,ちょすい,のろわれボディ,しめりけ,55,40,50,65,85,40,33,,,
593,ブルンゲル,みず,ゴースト,ちょすい,のろわれボディ,しめりけ,100,60,70,85,105,60,135,,,
594,ママンボウ,みず,,いやしのこころ,うるおいボディ,さいせいりょく,165,75,80,40,45,65,31.6,,,
595,バチュル,むし,でんき,ふくがん,きんちょうかん,むしのしらせ,50,47,50,57,50,65,0.6,,,
596,デンチュラ,むし,でんき,ふくがん,きんちょうかん,むしのしらせ,70,77,60,97,60,108,14.3,,,
597,テッシード,くさ,はがね,てつのトゲ,,,44,50,91,24,86,10,18.8,,,
598,ナットレイ,くさ,はがね,てつのトゲ,,きけんよち,74,94,131,54,116,20,110,,,
599,ギアル,はがね,,プラス,マイナス,クリアボディ,40,55,70,45,60,30,21,,,
600,ギギアル,はがね,,プラス,マイナス,クリアボディ,60,80,95,70,85,50,51,,,
601,ギギギアル,はがね,,プラス,マイナス,クリアボディ,60,100,115,70,85,90,81,,,
602,シビシラス,でんき,,ふゆう,,,35,55,40,45,40,60,0.3,,,
603,シビビール,でんき,,ふゆう,,,65,85,70,75,70,40,22,,,
604,シビルドン,でんき,,ふゆう,,,85,115,80,105,80,50,80.5,,,TRUE
604,メガシビルドン,でんき,,うなぎのぼり,,,85,145,80,135,90,80,180,,,TRUE
605,リグレー,エスパー,,テレパシー,シンクロ,アナライズ,55,55,55,85,55,30,9,,,
606,オーベム,エスパー,,テレパシー,シンクロ,アナライズ,75,75,75,125,95,40,34.5,,,
607,ヒトモシ,ゴースト,ほのお,もらいび,ほのおのからだ,すりぬけ,50,30,55,65,55,20,3.1,,,
608,ランプラー,ゴースト,ほのお,もらいび,ほのおのからだ,すりぬけ,60,40,60,95,60,55,13,,,
609,シャンデラ,ゴースト,ほのお,もらいび,ほのおのからだ,すりぬけ,60,55,90,145,90,80,34.3,TRUE,TRUE,TRUE
609,メガシャンデラ,ほのお,ゴースト,すりぬけ,,,60,75,110,175,110,90,69.6,TRUE,TRUE,TRUE
610,キバゴ,ドラゴン,,とうそうしん,かたやぶり,きんちょうかん,46,87,60,30,40,57,18,,,
611,オノンド,ドラゴン,,とうそうしん,かたやぶり,きんちょうかん,66,117,70,40,50,67,36,,,
612,オノノクス,ドラゴン,,とうそうしん,かたやぶり,きんちょうかん,76,147,90,60,70,97,105.5,,,
613,クマシュン,こおり,,ゆきがくれ,ゆきかき,びびり,55,70,40,60,40,40,8.5,,,
614,ツンベアー,こおり,,ゆきがくれ,ゆきかき,すいすい,95,130,80,70,80,50,260,TRUE,TRUE,TRUE
615,フリージオ,こおり,,ふゆう,,,80,50,50,95,135,105,148,,,
616,チョボマキ,むし,,うるおいボディ,シェルアーマー,ぼうじん,50,40,85,40,65,25,7.7,,,
617,アギルダー,むし,,うるおいボディ,ねんちゃく,かるわざ,80,70,40,100,60,145,25.3,,,
618,マッギョ,じめん,はがね,せいでんき,じゅうなん,すながくれ,109,66,84,81,99,32,11,TRUE,TRUE,TRUE
618,マッギョG,じめん,はがね,ぎたい,,,100,81,99,66,84,32,20.5,TRUE,TRUE,TRUE
619,コジョフー,かくとう,,せいしんりょく,さいせいりょく,すてみ,45,85,50,55,50,65,20,,,
620,コジョンド,かくとう,,せいしんりょく,さいせいりょく,すてみ,65,125,60,95,60,105,35.5,,,
621,クリムガン,ドラゴン,,さめはだ,ちからずく,かたやぶり,77,120,90,60,90,48,139,,,
622,ゴビット,じめん,ゴースト,てつのこぶし,ぶきよう,ノーガード,59,74,50,35,50,35,92,,,
623,ゴルーグ,じめん,ゴースト,てつのこぶし,ぶきよう,ノーガード,89,124,80,55,80,55,330,TRUE,TRUE,TRUE
623,メガゴルーグ,ゴースト,じめん,ふかしのこぶし,,,89,159,105,70,105,55,330,TRUE,TRUE,TRUE
624,コマタナ,あく,はがね,まけんき,せいしんりょく,プレッシャー,45,85,70,40,40,60,10.2,,,
625,キリキザン,あく,はがね,まけんき,せいしんりょく,プレッシャー,65,125,100,60,70,70,70,,,
626,バッフロン,ノーマル,,すてみ,そうしょく,ぼうおん,95,110,95,40,95,55,94.6,,,
627,ワシボン,ノーマル,ひこう,するどいめ,ちからずく,はりきり,70,83,50,37,50,60,10.5,,,
628,ウォーグル,ノーマル,ひこう,するどいめ,ちからずく,まけんき,100,123,75,57,75,80,41,,,
629,バルチャイ,あく,ひこう,はとむね,ぼうじん,くだけるよろい,70,55,75,45,65,60,9,,,
630,バルジーナ,あく,ひこう,はとむね,ぼうじん,くだけるよろい,110,65,105,55,95,80,39.5,,,
631,クイタラン,ほのお,,くいしんぼう,もらいび,しろいけむり,85,97,66,105,66,65,58,,,
632,アイアント,むし,はがね,むしのしらせ,はりきり,なまけ,58,109,112,48,48,109,33,,,
633,モノズ,あく,ドラゴン,はりきり,,,52,65,50,45,50,38,17.3,,,
634,ジヘッド,あく,ドラゴン,はりきり,,,72,85,70,65,70,58,50,,,
635,サザンドラ,あく,ドラゴン,ふゆう,,,92,105,90,125,90,98,160,TRUE,TRUE,TRUE
636,メラルバ,むし,ほのお,ほのおのからだ,,むしのしらせ,55,85,55,50,55,60,28.8,,,
637,ウルガモス,むし,ほのお,ほのおのからだ,,むしのしらせ,85,60,65,135,105,100,46,TRUE,TRUE,TRUE
638,コバルオン,はがね,かくとう,せいぎのこころ,,,91,90,129,90,72,108,250,,,
639,テラキオン,いわ,かくとう,せいぎのこころ,,,91,129,90,72,90,108,260,,,
640,ビリジオン,くさ,かくとう,せいぎのこころ,,,91,90,72,90,129,108,200,,,
641,トルネロス化,ひこう,,いたずらごころ,,まけんき,79,115,70,125,80,111,63,,,
641,トルネロス霊,ひこう,,さいせいりょく,,,79,100,80,110,90,121,63,,,
642,ボルトロス化,でんき,ひこう,いたずらごころ,,まけんき,79,115,70,125,80,111,61,,,
642,ボルトロス霊,でんき,ひこう,ちくでん,,,79,105,70,145,80,101,61,,,
643,レシラム,ドラゴン,ほのお,ターボブレイズ,,,100,120,100,150,120,90,330,,,
644,ゼクロム,ドラゴン,でんき,テラボルテージ,,,100,150,120,120,100,90,345,,,
645,ランドロス化,じめん,ひこう,すなのちから,,ちからずく,89,125,90,115,80,101,68,,,
645,ランドロス霊,じめん,ひこう,いかく,,,89,145,90,105,80,91,68,,,
646,キュレム,ドラゴン,こおり,プレッシャー,,,125,130,90,130,90,95,325,,,
646,キュレムW,ドラゴン,こおり,ターボブレイズ,,,125,120,90,170,100,95,325,,,
646,キュレムB,ドラゴン,こおり,テラボルテージ,,,125,170,100,120,90,95,325,,,
647,ケルディオいつも,みず,かくとう,せいぎのこころ,,,91,72,90,129,90,108,48.5,,,
647,ケルディオ覚悟,みず,かくとう,せいぎのこころ,,,91,72,90,129,90,108,48.5,,,
648,メロエッタV,エスパー,,てんのめぐみ,,,100,77,77,128,128,90,6.5,,,
648,メロエッタS,エスパー,かくとう,てんのめぐみ,,,100,128,90,77,77,128,6.5,,,
649,ゲノセクト,むし,はがね,ダウンロード,,,71,120,95,120,95,99,82.5,,,
650,ハリマロン,くさ,,しんりょく,,ぼうだん,56,61,65,48,45,38,9,,,
651,ハリボーグ,くさ,,しんりょく,,ぼうだん,61,78,95,56,58,57,29,,,
652,ブリガロン,くさ,かくとう,しんりょく,,ぼうだん,88,107,122,74,75,64,90,TRUE,TRUE,TRUE
652,メガブリガロン,くさ,かくとう,ぼうだん,,,88,137,172,72,115,44,90,TRUE,TRUE,TRUE
653,フォッコ,ほのお,,もうか,,マジシャン,40,45,40,62,60,60,9.4,,,
654,テールナー,ほのお,,もうか,,マジシャン,59,59,58,90,70,73,14.5,,,
655,マフォクシー,ほのお,エスパー,もうか,,マジシャン,75,69,72,114,100,104,39,TRUE,TRUE,TRUE
655,メガマフォクシー,ほのお,エスパー,ふゆう,,,75,69,72,159,125,134,39,TRUE,TRUE,TRUE
656,ケロマツ,みず,,げきりゅう,,へんげんじざい,41,56,40,62,44,71,7,,,
657,ゲコガシラ,みず,,げきりゅう,,へんげんじざい,54,63,52,83,56,97,10.9,,,
658,ゲッコウガ,みず,あく,げきりゅう,,へんげんじざい,72,95,67,103,71,122,40,TRUE,TRUE,TRUE
658,ゲッコウガS,みず,あく,きずなへんげ,,,72,145,67,153,71,132,40,,,
658,メガゲッコウガ,みず,あく,へんげんじざい,,,72,125,77,133,81,142,40,TRUE,TRUE,TRUE
659,ホルビー,ノーマル,,ものひろい,ほおぶくろ,ちからもち,38,36,38,32,36,57,5,,,
660,ホルード,ノーマル,じめん,ものひろい,ほおぶくろ,ちからもち,85,56,77,50,77,78,42.4,TRUE,TRUE,TRUE
661,ヤヤコマ,ノーマル,ひこう,はとむね,,はやてのつばさ,45,50,43,40,38,62,1.7,,,
662,ヒノヤコマ,ほのお,ひこう,ほのおのからだ,,はやてのつばさ,62,73,55,56,52,84,16,,,
663,ファイアロー,ほのお,ひこう,ほのおのからだ,,はやてのつばさ,78,81,71,74,69,126,24.5,TRUE,TRUE,TRUE
664,コフキムシ,むし,,りんぷん,ふくがん,フレンドガード,38,35,40,27,25,35,2.5,,,
665,コフーライ,むし,,だっぴ,,フレンドガード,45,22,60,27,30,29,8.4,,,
666,ビビヨン,むし,ひこう,りんぷん,ふくがん,フレンドガード,80,52,50,90,50,89,17,TRUE,TRUE,TRUE
667,シシコ,ほのお,ノーマル,とうそうしん,きんちょうかん,じしんかじょう,62,50,58,73,54,72,13.5,,,
668,カエンジシ,ほのお,ノーマル,とうそうしん,きんちょうかん,じしんかじょう,86,68,72,109,66,106,81.5,,,TRUE
668,メガカエンジシ,ほのお,ノーマル,ほのおのたてがみ,,,86,88,92,129,86,126,93.3,,,TRUE
669,フラベベ,フェアリー,,フラワーベール,,きょうせい,44,38,39,61,79,42,0.1,,,
670,フラエッテ,フェアリー,,フラワーベール,,きょうせい,54,45,47,75,98,52,0.9,,,
670,メガフラエッテえいえん,フェアリー,,フェアリーオーラ,,,74,85,87,155,148,102,100.8,TRUE,TRUE,TRUE
670,フラエッテえいえん,フェアリー,,フラワーベール,,きょうせい,74,65,67,125,128,92,0.9,TRUE,TRUE,TRUE
671,フラージェス,フェアリー,,フラワーベール,,きょうせい,78,65,68,112,154,75,10,TRUE,TRUE,TRUE
672,メェークル,くさ,,そうしょく,,くさのけがわ,66,65,48,62,57,52,31,,,
673,ゴーゴート,くさ,,そうしょく,,くさのけがわ,123,100,62,97,81,68,91,,,
674,ヤンチャム,かくとう,,てつのこぶし,かたやぶり,きもったま,67,82,62,46,48,43,8,,,
675,ゴロンダ,かくとう,あく,てつのこぶし,かたやぶり,きもったま,95,124,78,69,71,58,136,TRUE,TRUE,TRUE
676,トリミアン,ノーマル,,ファーコート,,,75,80,60,65,90,102,28,TRUE,TRUE,TRUE
677,ニャスパー,エスパー,,するどいめ,すりぬけ,マイペース,62,48,54,63,60,68,3.5,,,
678,ニャオニクス♂,エスパー,,するどいめ,すりぬけ,いたずらごころ,74,48,76,83,81,104,8.5,TRUE,TRUE,TRUE
678,ニャオニクス♀,エスパー,,するどいめ,すりぬけ,かちき,74,48,76,83,81,104,8.5,TRUE,TRUE,TRUE
678,メガニャオニクス,エスパー,,トレース,,,74,48,76,143,101,124,10.1,TRUE,TRUE,TRUE
679,ヒトツキ,はがね,ゴースト,ノーガード,,,45,80,100,35,37,28,2,,,
680,ニダンギル,はがね,ゴースト,ノーガード,,,59,110,150,45,49,35,4.5,,,
681,ギルガルド盾,はがね,ゴースト,バトルスイッチ,,,60,50,140,50,140,60,53,TRUE,TRUE,TRUE
681,ギルガルド剣,はがね,ゴースト,バトルスイッチ,,,60,140,50,140,50,60,53,TRUE,TRUE,TRUE
682,シュシュプ,フェアリー,,いやしのこころ,,アロマベール,78,52,60,63,65,23,0.5,,,
683,フレフワン,フェアリー,,いやしのこころ,,アロマベール,101,72,72,99,89,29,15.5,TRUE,TRUE,TRUE
684,ペロッパフ,フェアリー,,スイートベール,,かるわざ,62,48,66,59,57,49,3.5,,,
685,ペロリーム,フェアリー,,スイートベール,,かるわざ,82,80,86,85,75,72,5,TRUE,TRUE,TRUE
686,マーイーカ,あく,エスパー,あまのじゃく,きゅうばん,すりぬけ,53,54,53,37,46,45,3.5,,,
687,カラマネロ,あく,エスパー,あまのじゃく,きゅうばん,すりぬけ,86,92,88,68,75,73,47,,,TRUE
687,メガカラマネロ,あく,エスパー,あまのじゃく,,,86,102,88,98,120,88,69.8,,,TRUE
688,カメテテ,いわ,みず,スナイパー,かたいツメ,わるいてぐせ,42,52,67,39,56,50,31,,,
689,ガメノデス,いわ,みず,スナイパー,かたいツメ,わるいてぐせ,72,105,115,54,86,68,96,,,TRUE
689,メガガメノデス,かくとう,いわ,かたいツメ,,,72,140,130,64,106,88,100,,,TRUE
690,クズモー,どく,みず,どくのトゲ,どくしゅ,てきおうりょく,50,60,60,60,60,30,7.3,,,
691,ドラミドロ,どく,ドラゴン,どくのトゲ,どくしゅ,てきおうりょく,65,75,90,97,123,44,81.5,,,TRUE
691,メガドラミドロ,ドラゴン,どく,さいせいりょく,,,65,85,105,132,163,44,100.3,,,TRUE
692,ウデッポウ,みず,,メガランチャー,,,50,53,62,58,63,44,8.3,,,
693,ブロスター,みず,,メガランチャー,,,71,73,88,120,89,59,35.3,TRUE,TRUE,TRUE
694,エリキテル,でんき,ノーマル,かんそうはだ,すながくれ,サンパワー,44,38,33,61,43,70,6,,,
695,エレザード,でんき,ノーマル,かんそうはだ,すながくれ,サンパワー,62,55,52,109,94,109,21,TRUE,TRUE,TRUE
696,チゴラス,いわ,ドラゴン,がんじょうあご,,がんじょう,58,89,77,45,45,48,26,,,
697,ガチゴラス,いわ,ドラゴン,がんじょうあご,,いしあたま,82,121,119,69,59,71,270,TRUE,TRUE,TRUE
698,アマルス,いわ,こおり,フリーズスキン,,ゆきふらし,77,59,50,67,63,46,25.2,,,
699,アマルルガ,いわ,こおり,フリーズスキン,,ゆきふらし,123,77,72,99,92,58,225,TRUE,TRUE,TRUE
700,ニンフィア,フェアリー,,メロメロボディ,,フェアリースキン,95,65,65,110,130,60,23.5,TRUE,TRUE,TRUE
701,ルチャブル,かくとう,ひこう,じゅうなん,かるわざ,かたやぶり,78,92,75,74,63,118,21.5,TRUE,TRUE,TRUE
701,メガルチャブル,かくとう,ひこう,ノーガード,,,78,137,100,74,93,118,25,TRUE,TRUE,TRUE
702,デデンネ,でんき,フェアリー,ほおぶくろ,ものひろい,プラス,67,58,57,81,67,101,2.2,TRUE,TRUE,TRUE
703,メレシー,いわ,フェアリー,クリアボディ,,がんじょう,50,50,150,50,150,50,5.7,,,
704,ヌメラ,ドラゴン,,そうしょく,うるおいボディ,ぬめぬめ,45,50,35,55,75,40,2.8,,,
705,ヌメイル,ドラゴン,,そうしょく,うるおいボディ,ぬめぬめ,68,75,53,83,113,60,17.5,,,
705,ヌメイルH,ドラゴン,はがね,そうしょく,シェルアーマー,ぬめぬめ,57,75,83,83,113,40,68.5,,,
706,ヌメルゴン,ドラゴン,,そうしょく,うるおいボディ,ぬめぬめ,90,100,70,110,150,80,150.5,TRUE,TRUE,TRUE
706,ヌメルゴンH,ドラゴン,はがね,そうしょく,シェルアーマー,ぬめぬめ,80,100,100,110,150,60,334.1,TRUE,TRUE,TRUE
707,クレッフィ,はがね,フェアリー,いたずらごころ,,マジシャン,57,80,91,80,87,75,3,TRUE,TRUE,TRUE
708,ボクレー,ゴースト,くさ,しぜんかいふく,おみとおし,しゅうかく,43,70,48,50,60,38,7,,,
709,オーロット,ゴースト,くさ,しぜんかいふく,おみとおし,しゅうかく,85,110,76,65,82,56,71,TRUE,TRUE,TRUE
710,バケッチャ普,ゴースト,くさ,ものひろい,おみとおし,ふみん,49,66,70,44,55,51,5,,,
710,バケッチャ小,ゴースト,くさ,ものひろい,おみとおし,ふみん,44,66,70,44,55,56,3.5,,,
710,バケッチャ大,ゴースト,くさ,ものひろい,おみとおし,ふみん,54,66,70,44,55,46,7.5,,,
710,バケッチャ特,ゴースト,くさ,ものひろい,おみとおし,ふみん,59,66,70,44,55,41,15,,,
711,パンプジン普,ゴースト,くさ,ものひろい,おみとおし,ふみん,65,90,122,58,75,84,12.5,TRUE,TRUE,TRUE
711,パンプジン小,ゴースト,くさ,ものひろい,おみとおし,ふみん,55,85,122,58,75,99,9.5,TRUE,TRUE,TRUE
711,パンプジン大,ゴースト,くさ,ものひろい,おみとおし,ふみん,75,95,122,58,75,69,14,TRUE,TRUE,TRUE
711,パンプジン特,ゴースト,くさ,ものひろい,おみとおし,ふみん,85,100,122,58,75,54,39,TRUE,TRUE,TRUE
712,カチコール,こおり,,マイペース,アイスボディ,がんじょう,55,69,85,32,35,28,99.5,,,
713,クレベース,こおり,,マイペース,アイスボディ,がんじょう,95,117,184,44,46,28,505,TRUE,TRUE,TRUE
713,クレベースH,こおり,いわ,がんじょうあご,アイスボディ,がんじょう,95,127,184,34,36,38,262.4,TRUE,TRUE,TRUE
714,オンバット,ひこう,ドラゴン,おみとおし,すりぬけ,テレパシー,40,30,35,45,40,55,8,,,
715,オンバーン,ひこう,ドラゴン,おみとおし,すりぬけ,テレパシー,85,70,80,97,80,123,85,TRUE,TRUE,TRUE
716,ゼルネアス,フェアリー,,フェアリーオーラ,,,126,131,95,131,98,99,215,,,
717,イベルタル,あく,ひこう,ダークオーラ,,,126,131,95,131,98,99,203,,,
718,ジガルデ50,ドラゴン,じめん,オーラブレイク,スワームチェンジ,,108,100,121,81,95,95,305,,,
718,ジガルデ10,ドラゴン,じめん,オーラブレイク,スワームチェンジ,,54,100,71,61,85,115,33.5,,,
718,ジガルデ100,ドラゴン,じめん,スワームチェンジ,,,216,100,121,91,95,85,610,,,
718,メガジガルデ,ドラゴン,じめん,,,,216,70,91,216,85,100,610,,,
719,ディアンシー,いわ,フェアリー,クリアボディ,,,50,100,150,100,150,50,8.8,,,
719,メガディアンシー,いわ,フェアリー,マジックミラー,,,50,160,110,160,110,110,27.8,,,
720,フーパ,エスパー,あく,マジシャン,,,80,110,60,150,130,70,9,,,
720,フーパ解,エスパー,あく,マジシャン,,,80,160,60,170,130,80,490,,,
721,ボルケニオン,ほのお,みず,ちょすい,,,80,110,120,130,90,70,195,,,
722,モクロー,くさ,ひこう,しんりょく,,えんかく,68,55,55,50,50,42,1.5,,,
723,フクスロー,くさ,ひこう,しんりょく,,えんかく,78,75,75,70,70,52,16,,,
724,ジュナイパー,くさ,ゴースト,しんりょく,,えんかく,78,107,75,100,100,70,36.6,TRUE,TRUE,TRUE
724,ジュナイパーH,くさ,かくとう,しんりょく,,きもったま,88,112,80,95,95,60,36.6,TRUE,TRUE,TRUE
725,ニャビー,ほのお,,もうか,,いかく,45,65,40,60,40,70,4.3,,,
726,ニャヒート,ほのお,,もうか,,いかく,65,85,50,80,50,90,25,,,
727,ガオガエン,ほのお,あく,もうか,,いかく,95,115,90,80,90,60,83,TRUE,TRUE,TRUE
728,アシマリ,みず,,げきりゅう,,うるおいボイス,50,54,54,66,56,40,7.5,,,
729,オシャマリ,みず,,げきりゅう,,うるおいボイス,60,69,69,91,81,50,17.5,,,
730,アシレーヌ,みず,フェアリー,げきりゅう,,うるおいボイス,80,74,74,126,116,60,44,TRUE,TRUE,TRUE
731,ツツケラ,ノーマル,ひこう,するどいめ,スキルリンク,ものひろい,35,75,30,30,30,65,1.2,,,
732,ケララッパ,ノーマル,ひこう,するどいめ,スキルリンク,ものひろい,55,85,50,40,50,75,14.8,,,
733,ドデカバシ,ノーマル,ひこう,するどいめ,スキルリンク,ちからずく,80,120,75,75,75,60,26,TRUE,TRUE,TRUE
734,ヤングース,ノーマル,,はりこみ,がんじょうあご,てきおうりょく,48,70,30,30,30,45,6,,,
735,デカグース,ノーマル,,はりこみ,がんじょうあご,てきおうりょく,88,110,60,55,60,45,14.2,,,
736,アゴジムシ,むし,,むしのしらせ,,,47,62,45,55,45,46,4.4,,,
737,デンヂムシ,むし,でんき,バッテリー,,,57,82,95,55,75,36,10.5,,,
738,クワガノン,むし,でんき,ふゆう,,,77,70,90,145,75,43,45,,,
739,マケンカニ,かくとう,,かいりきバサミ,てつのこぶし,いかりのつぼ,47,82,57,42,47,63,7,,,
740,ケケンカニ,かくとう,こおり,かいりきバサミ,てつのこぶし,いかりのつぼ,97,132,77,62,67,43,180,TRUE,TRUE,TRUE
740,メガケケンカニ,かくとう,こおり,てつのこぶし,,,97,157,122,62,107,33,252.8,TRUE,TRUE,TRUE
741,オドリドリ炎,ほのお,ひこう,おどりこ,,,75,70,70,98,70,93,3.4,,,
741,オドリドリ電,でんき,ひこう,おどりこ,,,75,70,70,98,70,93,3.4,,,
741,オドリドリ超,エスパー,ひこう,おどりこ,,,75,70,70,98,70,93,3.4,,,
741,オドリドリ霊,ゴースト,ひこう,おどりこ,,,75,70,70,98,70,93,3.4,,,
742,アブリー,むし,フェアリー,みつあつめ,りんぷん,スイートベール,40,45,40,55,40,84,0.2,,,
743,アブリボン,むし,フェアリー,みつあつめ,りんぷん,スイートベール,60,55,60,95,70,124,0.5,,,
744,イワンコ,いわ,,するどいめ,やるき,ふくつのこころ,45,65,40,30,40,60,9.2,,,
745,ルガルガンまひる,いわ,,するどいめ,すなかき,ふくつのこころ,75,115,65,55,65,112,25,TRUE,TRUE,TRUE
745,ルガルガンまよなか,いわ,,するどいめ,やるき,ノーガード,85,115,75,55,75,82,25,TRUE,TRUE,TRUE
745,ルガルガンたそがれ,いわ,,かたいツメ,,,75,117,65,55,65,110,25,TRUE,TRUE,TRUE
746,ヨワシ,みず,,ぎょぐん,,,45,20,20,25,25,40,0.3,,,
746,ヨワシ群,みず,,ぎょぐん,,,45,140,130,140,135,30,78.6,,,
747,ヒドイデ,どく,みず,ひとでなし,じゅうなん,さいせいりょく,50,53,62,43,52,45,8,,,
748,ドヒドイデ,どく,みず,ひとでなし,じゅうなん,さいせいりょく,50,63,152,53,142,35,14.5,TRUE,TRUE,TRUE
749,ドロバンコ,じめん,,マイペース,じきゅうりょく,せいしんりょく,70,100,70,45,55,45,110,,,
750,バンバドロ,じめん,,マイペース,じきゅうりょく,せいしんりょく,100,125,100,55,85,35,920,TRUE,TRUE,TRUE
751,シズクモ,みず,むし,すいほう,,ちょすい,38,40,52,40,72,27,4,,,
752,オニシズクモ,みず,むし,すいほう,,ちょすい,68,70,92,50,132,42,82,TRUE,TRUE,TRUE
753,カリキリ,くさ,,リーフガード,,あまのじゃく,40,55,35,50,35,35,1.5,,,
754,ラランテス,くさ,,リーフガード,,あまのじゃく,70,105,90,80,90,45,18.5,,,
755,ネマシュ,くさ,フェアリー,はっこう,ほうし,あめうけざら,40,35,55,65,75,15,1.5,,,
756,マシェード,くさ,フェアリー,はっこう,ほうし,あめうけざら,60,45,80,90,100,30,11.5,,,
757,ヤトウモリ,どく,ほのお,ふしょく,,どんかん,48,44,40,71,40,77,4.8,,,
758,エンニュート,どく,ほのお,ふしょく,,どんかん,68,64,60,111,60,117,22.2,TRUE,TRUE,TRUE
759,ヌイコグマ,ノーマル,かくとう,もふもふ,ぶきよう,メロメロボディ,70,75,50,45,50,50,6.8,,,
760,キテルグマ,ノーマル,かくとう,もふもふ,ぶきよう,きんちょうかん,120,125,80,55,60,60,135,,,
761,アマカジ,くさ,,リーフガード,どんかん,スイートベール,42,30,38,30,38,32,3.2,,,
762,アママイコ,くさ,,リーフガード,どんかん,スイートベール,52,40,48,40,48,62,8.2,,,
763,アマージョ,くさ,,リーフガード,じょおうのいげん,スイートベール,72,120,98,50,98,72,21.4,TRUE,TRUE,TRUE
764,キュワワー,フェアリー,,フラワーベール,ヒーリングシフト,しぜんかいふく,51,52,90,82,110,100,0.3,,,
765,ヤレユータン,ノーマル,エスパー,せいしんりょく,テレパシー,きょうせい,90,60,80,90,110,60,76,TRUE,TRUE,TRUE
766,ナゲツケサル,かくとう,,レシーバー,,まけんき,100,120,90,40,60,80,82.8,TRUE,TRUE,TRUE
767,コソクムシ,むし,みず,にげごし,,,25,35,40,20,30,80,12,,,
768,グソクムシャ,むし,みず,ききかいひ,,,75,125,140,60,90,40,108,,,
768,メガグソクムシャ,むし,はがね,,,,75,150,175,70,120,40,148,,,
769,スナバァ,ゴースト,じめん,みずがため,,すながくれ,55,55,80,70,45,15,70,,,
770,シロデスナ,ゴースト,じめん,みずがため,,すながくれ,85,75,110,100,75,35,250,,,
771,ナマコブシ,みず,,とびだすなかみ,,てんねん,55,60,130,30,130,5,1.2,,,
772,タイプ：ヌル,ノーマル,,カブトアーマー,,,95,95,95,95,95,59,120.5,,,
773,シルヴァディ,ノーマル,,ARシステム,,,95,95,95,95,95,95,100.5,,,
774,メテノ殻,いわ,ひこう,リミットシールド,,,60,60,100,60,100,60,40,,,
774,メテノ核,いわ,ひこう,リミットシールド,,,60,100,60,100,60,120,0.3,,,
775,ネッコアラ,ノーマル,,ぜったいねむり,,,65,115,65,75,95,65,19.9,,,
776,バクガメス,ほのお,ドラゴン,シェルアーマー,,,60,78,135,91,85,36,212,,,
777,トゲデマル,でんき,はがね,てつのトゲ,ひらいしん,がんじょう,65,98,63,40,73,96,3.3,,,
778,ミミッキュ,ゴースト,フェアリー,ばけのかわ,,,55,90,80,50,105,96,0.7,TRUE,TRUE,TRUE
779,ハギギシリ,みず,エスパー,ビビッドボディ,がんじょうあご,ミラクルスキン,68,105,70,70,70,92,19,,,
780,ジジーロン,ノーマル,ドラゴン,ぎゃくじょう,そうしょく,ノーてんき,78,60,85,135,91,36,185,TRUE,TRUE,TRUE
780,メガジジーロン,ドラゴン,ノーマル,ぎゃくじょう,,,78,85,110,160,116,36,240.5,TRUE,TRUE,TRUE
781,ダダリン,ゴースト,くさ,はがねつかい,,,70,131,100,86,90,40,210,,,
782,ジャラコ,ドラゴン,,ぼうだん,ぼうおん,ぼうじん,45,55,65,45,45,45,29.7,,,
783,ジャランゴ,ドラゴン,かくとう,ぼうだん,ぼうおん,ぼうじん,55,75,90,65,70,65,47,,,
784,ジャラランガ,ドラゴン,かくとう,ぼうだん,ぼうおん,ぼうじん,75,110,125,100,105,85,78.2,TRUE,TRUE,TRUE
785,カプ・コケコ,でんき,フェアリー,エレキメイカー,,テレパシー,70,115,85,95,75,130,20.5,,,
786,カプ・テテフ,エスパー,フェアリー,サイコメイカー,,テレパシー,70,85,75,130,115,95,18.6,,,
787,カプ・ブルル,くさ,フェアリー,グラスメイカー,,テレパシー,70,130,115,85,95,75,45.5,,,
788,カプ・レヒレ,みず,フェアリー,ミストメイカー,,テレパシー,70,75,115,95,130,85,21.2,,,
789,コスモッグ,エスパー,,てんねん,,,43,29,31,29,31,37,0.1,,,
790,コスモウム,エスパー,,がんじょう,,,43,29,131,29,131,37,999.9,,,
791,ソルガレオ,エスパー,はがね,メタルプロテクト,,,137,137,107,113,89,97,230,,,
792,ルナアーラ,エスパー,ゴースト,ファントムガード,,,137,113,89,137,107,97,120,,,
793,ウツロイド,いわ,どく,ビーストブースト,,,109,53,47,127,131,103,55.5,,,
794,マッシブーン,むし,かくとう,ビーストブースト,,,107,139,139,53,53,79,333.6,,,
795,フェローチェ,むし,かくとう,ビーストブースト,,,71,137,37,137,37,151,25,,,
796,デンジュモク,でんき,,ビーストブースト,,,83,89,71,173,71,83,100,,,
797,テッカグヤ,はがね,ひこう,ビーストブースト,,,97,101,103,107,101,61,999.9,,,
798,カミツルギ,くさ,はがね,ビーストブースト,,,59,181,131,59,31,109,0.1,,,
799,アクジキング,あく,ドラゴン,ビーストブースト,,,223,101,53,97,53,43,888,,,
800,ネクロズマ,エスパー,,プリズムアーマー,,,97,107,101,127,89,79,230,,,
800,ネクロズマ日,エスパー,はがね,プリズムアーマー,,,97,157,127,113,109,77,460,,,
800,ネクロズマ月,エスパー,ゴースト,プリズムアーマー,,,97,113,109,157,127,77,350,,,
800,ネクロズマ竜,エスパー,ドラゴン,プリズムアーマー,,,97,167,97,167,97,129,230,,,
801,マギアナ,はがね,フェアリー,ソウルハート,,,80,95,115,130,115,65,80.5,,,
801,メガマギアナ,はがね,フェアリー,,,,80,125,115,170,115,95,248.1,,,
802,マーシャドー,かくとう,ゴースト,テクニシャン,,,90,125,80,90,90,125,22.2,,,
803,ベベノム,どく,,ビーストブースト,,,67,73,67,73,67,73,1.8,,,
804,アーゴヨン,どく,ドラゴン,ビーストブースト,,,73,73,73,127,73,121,150,,,
805,ツンデツンデ,いわ,はがね,ビーストブースト,,,61,131,211,53,101,13,820,,,
806,ズガドーン,ほのお,ゴースト,ビーストブースト,,,53,127,53,151,79,107,13,,,
807,ゼラオラ,でんき,,ちくでん,,,88,112,75,102,80,143,44.5,,,
807,メガゼラオラ,でんき,,,,,88,157,75,147,80,153,44.5,,,
808,メルタン,はがね,,じりょく,,,46,65,65,55,35,34,8,,,
809,メルメタル,はがね,,てつのこぶし,,,135,143,143,80,65,34,800,,,
810,サルノリ,くさ,,しんりょく,,グラスメイカー,50,65,50,40,40,65,5,,,
811,バチンキー,くさ,,しんりょく,,グラスメイカー,70,85,70,55,60,80,14,,,
812,ゴリランダー,くさ,,しんりょく,,グラスメイカー,100,125,90,60,70,85,90,,,
813,ヒバニー,ほのお,,もうか,,リベロ,50,71,40,40,40,69,4.5,,,
814,ラビフット,ほのお,,もうか,,リベロ,65,86,60,55,60,94,9,,,
815,エースバーン,ほのお,,もうか,,リベロ,80,116,75,65,75,119,33,,,
816,メッソン,みず,,げきりゅう,,スナイパー,50,40,40,70,40,70,4,,,
817,ジメレオン,みず,,げきりゅう,,スナイパー,65,60,55,95,55,90,11.5,,,
818,インテレオン,みず,,げきりゅう,,スナイパー,70,85,65,125,65,120,45.2,,,
819,ホシガリス,ノーマル,,ほおぶくろ,,くいしんぼう,70,55,55,35,35,25,2.5,,,
820,ヨクバリス,ノーマル,,ほおぶくろ,,くいしんぼう,120,95,95,55,75,20,6,,,
821,ココガラ,ひこう,,するどいめ,きんちょうかん,はとむね,38,47,35,33,35,57,1.8,,,
822,アオガラス,ひこう,,するどいめ,きんちょうかん,はとむね,68,67,55,43,55,77,16,,,
823,アーマーガア,ひこう,はがね,プレッシャー,きんちょうかん,ミラーアーマー,98,87,105,53,85,67,75,TRUE,TRUE,TRUE
824,サッチムシ,むし,,むしのしらせ,ふくがん,テレパシー,25,20,20,25,45,45,8,,,
825,レドームシ,むし,エスパー,むしのしらせ,ふくがん,テレパシー,50,35,80,50,90,30,19.5,,,
826,イオルブ,むし,エスパー,むしのしらせ,おみとおし,テレパシー,60,45,110,80,120,90,40.8,,,
827,クスネ,あく,,にげあし,かるわざ,はりこみ,40,28,28,47,52,50,8.9,,,
828,フォクスライ,あく,,にげあし,かるわざ,はりこみ,70,58,58,87,92,90,19.9,,,
829,ヒメンカ,くさ,,わたげ,さいせいりょく,ほうし,40,40,60,40,60,10,2.2,,,
830,ワタシラガ,くさ,,わたげ,さいせいりょく,ほうし,60,50,90,80,120,60,2.5,,,
831,ウールー,ノーマル,,もふもふ,にげあし,ぼうだん,42,40,55,40,45,48,6,,,
832,バイウールー,ノーマル,,もふもふ,はやあし,ぼうだん,72,80,100,60,90,88,43,,,
833,カムカメ,みず,,がんじょうあご,シェルアーマー,すいすい,50,64,50,38,38,44,8.5,,,
834,カジリガメ,みず,いわ,がんじょうあご,シェルアーマー,すいすい,90,115,90,48,68,74,115.5,,,
835,ワンパチ,でんき,,たまひろい,,びびり,59,45,50,40,50,26,13.5,,,
836,パルスワン,でんき,,がんじょうあご,,かちき,69,90,60,90,60,121,34,,,
837,タンドン,いわ,,じょうききかん,たいねつ,もらいび,30,40,50,40,50,30,12,,,
838,トロッゴン,いわ,ほのお,じょうききかん,ほのおのからだ,もらいび,80,60,90,60,70,50,78,,,
839,セキタンザン,いわ,ほのお,じょうききかん,ほのおのからだ,もらいび,110,80,120,80,90,30,310.5,,,
840,カジッチュ,くさ,ドラゴン,じゅくせい,くいしんぼう,ぼうだん,40,40,80,40,40,20,0.5,,,
841,アップリュー,くさ,ドラゴン,じゅくせい,くいしんぼう,はりきり,70,110,80,95,60,70,1,TRUE,TRUE,TRUE
842,タルップル,くさ,ドラゴン,じゅくせい,くいしんぼう,あついしぼう,110,85,80,100,80,30,13,TRUE,TRUE,TRUE
843,スナヘビ,じめん,,すなはき,だっぴ,すながくれ,52,57,75,35,50,46,7.6,,,
844,サダイジャ,じめん,,すなはき,だっぴ,すながくれ,72,107,125,65,70,71,65.5,TRUE,TRUE,TRUE
845,ウッウ,ひこう,みず,うのミサイル,,,70,85,55,85,95,85,18,,,
846,サシカマス,みず,,すいすい,,スクリューおびれ,41,63,40,40,30,66,1,,,
847,カマスジョー,みず,,すいすい,,スクリューおびれ,61,123,60,60,50,136,30,,,
848,エレズン,でんき,どく,びびり,せいでんき,ぶきよう,40,38,35,54,35,40,11,,,
849,ストリンダー,でんき,どく,パンクロック,プラス,テクニシャン,75,98,70,114,70,75,40,,,
850,ヤクデ,ほのお,むし,もらいび,しろいけむり,ほのおのからだ,50,65,45,50,50,45,1,,,
851,マルヤクデ,ほのお,むし,もらいび,しろいけむり,ほのおのからだ,100,115,65,90,90,65,120,,,
852,タタッコ,かくとう,,じゅうなん,,テクニシャン,50,68,60,50,50,32,4,,,
853,オトスパス,かくとう,,じゅうなん,,テクニシャン,80,118,90,70,80,42,39,,,
854,ヤバチャ,ゴースト,,くだけるよろい,,のろわれボディ,40,45,45,74,54,50,0.2,,,
855,ポットデス,ゴースト,,くだけるよろい,,のろわれボディ,60,65,65,134,114,70,0.4,TRUE,TRUE,TRUE
856,ミブリム,エスパー,,いやしのこころ,きけんよち,マジックミラー,42,30,45,56,53,39,3.4,,,
857,テブリム,エスパー,,いやしのこころ,きけんよち,マジックミラー,57,40,65,86,73,49,4.8,,,
858,ブリムオン,エスパー,フェアリー,いやしのこころ,きけんよち,マジックミラー,57,90,95,136,103,29,5.1,TRUE,TRUE,TRUE
859,ベロバー,あく,フェアリー,いたずらごころ,おみとおし,わるいてぐせ,45,45,30,55,40,50,5.5,,,
860,ギモー,あく,フェアリー,いたずらごころ,おみとおし,わるいてぐせ,65,60,45,75,55,70,12.5,,,
861,オーロンゲ,あく,フェアリー,いたずらごころ,おみとおし,わるいてぐせ,95,120,65,95,75,60,61,,,TRUE
862,タチフサグマ,あく,ノーマル,すてみ,こんじょう,まけんき,93,90,101,60,81,95,46,,,
863,ニャイキング,はがね,,カブトアーマー,かたいツメ,はがねのせいしん,70,110,100,50,60,50,28,,,
864,サニゴーン,ゴースト,,くだけるよろい,,ほろびのボディ,60,95,50,145,130,30,0.4,,,
865,ネギガナイト,かくとう,,ふくつのこころ,,きもったま,62,135,95,68,82,65,117,,,
866,バリコオル,こおり,エスパー,ちどりあし,バリアフリー,アイスボディ,80,85,75,110,100,70,58.2,TRUE,TRUE,TRUE
867,デスバーン,じめん,ゴースト,さまようたましい,,,58,95,145,50,105,30,66.6,TRUE,TRUE,TRUE
868,マホミル,フェアリー,,スイートベール,,アロマベール,45,40,40,50,61,34,0.3,,,
869,マホイップ,フェアリー,,スイートベール,,アロマベール,65,60,75,110,121,64,0.5,TRUE,TRUE,TRUE
870,タイレーツ,かくとう,,カブトアーマー,,まけんき,65,100,100,70,60,75,62,,,TRUE
870,メガタイレーツ,かくとう,,まけんき,,,65,135,135,70,65,100,99,,,TRUE
871,バチンウニ,でんき,,ひらいしん,,エレキメイカー,48,101,95,91,85,15,1,,,
872,ユキハミ,こおり,むし,りんぷん,,こおりのりんぷん,30,25,35,45,30,20,3.8,,,
873,モスノウ,こおり,むし,りんぷん,,こおりのりんぷん,70,65,60,125,90,65,42,,,
874,イシヘンジン,いわ,,パワースポット,,,100,125,135,20,20,70,520,,,
875,コオリッポA,こおり,,アイスフェイス,,,75,80,110,65,90,50,89,,,
875,コオリッポＮ,こおり,,アイスフェイス,,,75,80,70,65,50,130,89,,,
876,イエッサン♂,エスパー,ノーマル,せいしんりょく,シンクロ,サイコメイカー,60,65,55,105,95,95,28,,,
876,イエッサン♀,エスパー,ノーマル,マイペース,シンクロ,サイコメイカー,70,55,65,95,105,85,28,,,
877,モルペコ,でんき,あく,はらぺこスイッチ,,,58,95,58,70,58,97,3,TRUE,TRUE,TRUE
878,ゾウドウ,はがね,,ちからずく,,ヘヴィメタル,72,80,49,40,49,40,100,,,
879,ダイオウドウ,はがね,,ちからずく,,ヘヴィメタル,122,130,69,80,69,30,650,,,
880,パッチラゴン,でんき,ドラゴン,ちくでん,はりきり,すなかき,90,100,90,80,70,75,190,,,
881,パッチルドン,でんき,こおり,ちくでん,せいでんき,ゆきかき,90,100,90,90,80,55,150,,,
882,ウオノラゴン,みず,ドラゴン,ちょすい,がんじょうあご,すなかき,90,90,100,70,80,75,215,,,
883,ウオチルドン,みず,こおり,ちょすい,アイスボディ,ゆきかき,90,90,100,80,90,55,175,,,
884,ジュラルドン,はがね,ドラゴン,ライトメタル,ヘヴィメタル,すじがねいり,70,95,115,120,50,85,40,,,
885,ドラメシヤ,ドラゴン,ゴースト,クリアボディ,すりぬけ,のろわれボディ,28,60,30,40,30,82,2,,,
886,ドロンチ,ドラゴン,ゴースト,クリアボディ,すりぬけ,のろわれボディ,68,80,50,60,50,102,11,,,
887,ドラパルト,ドラゴン,ゴースト,クリアボディ,すりぬけ,のろわれボディ,88,120,75,100,75,142,50,TRUE,TRUE,TRUE
888,ザシアン,フェアリー,,ふとうのけん,,,92,130,115,80,115,138,110,,,
888,ザシアン剣,フェアリー,はがね,ふとうのけん,,,92,170,115,80,115,148,355,,,
889,ザマゼンタ,かくとう,,ふくつのたて,,,92,130,115,80,115,138,210,,,
889,ザマゼンタ盾,かくとう,はがね,ふくつのたて,,,92,130,145,80,145,128,785,,,
890,ムゲンダイナ,どく,ドラゴン,プレッシャー,,,140,85,95,145,95,130,950,,,
890,ムゲンダイナ大,どく,ドラゴン,プレッシャー,,,255,115,250,125,250,130,???.?,,,
891,ダクマ,かくとう,,せいしんりょく,,,60,90,60,53,50,72,12,,,
892,ウーラオス一,かくとう,あく,ふかしのこぶし,,,100,130,100,63,60,97,105,,,
892,ウーラオス連,かくとう,みず,ふかしのこぶし,,,100,130,100,63,60,97,105,,,
893,ザルード,あく,くさ,リーフガード,,,105,120,105,70,95,105,70,,,
894,レジエレキ,でんき,,トランジスタ,,,80,100,50,100,50,200,145,,,
895,レジドラゴ,ドラゴン,,りゅうのあぎと,,,200,100,50,100,50,80,200,,,
896,ブリザポス,こおり,,しろのいななき,,,100,145,130,65,110,30,800,,,
897,レイスポス,ゴースト,,くろのいななき,,,100,65,60,145,80,130,44.5,,,
898,バドレックス,エスパー,くさ,きんちょうかん,,,100,80,80,80,80,80,7.7,,,
898,バドレックス白,エスパー,こおり,じんばいったい,,,100,165,150,85,130,50,809.1,,,
898,バドレックス黒,エスパー,ゴースト,じんばいったい,,,100,85,80,165,100,150,53.6,,,
899,アヤシシ,ノーマル,エスパー,いかく,おみとおし,そうしょく,103,105,72,105,75,65,95.1,TRUE,TRUE,TRUE
900,バサギリ,むし,いわ,むしのしらせ,ちからずく,きれあじ,70,135,95,45,70,85,89,TRUE,TRUE,TRUE
901,ガチグマ,ノーマル,じめん,こんじょう,ぼうだん,きんちょうかん,130,140,105,45,80,50,290,,,
901,ガチグマ（アカツキ）,ノーマル,じめん,しんがん,,,113,70,120,135,65,52,333,,,
902,イダイトウ♂,みず,ゴースト,すいすい,てきおうりょく,かたやぶり,120,112,65,80,75,78,110,TRUE,TRUE,TRUE
902,イダイトウ♀,みず,ゴースト,すいすい,てきおうりょく,かたやぶり,120,92,65,100,75,78,110,TRUE,TRUE,TRUE
903,オオニューラ,どく,かくとう,プレッシャー,かるわざ,どくしゅ,80,130,60,40,80,120,43,TRUE,TRUE,TRUE
904,ハリーマン,どく,あく,どくのトゲ,すいすい,いかく,85,115,95,65,65,85,60.5,,,TRUE
905,ラブトロス化身,フェアリー,ひこう,メロメロボディ,,あまのじゃく,74,115,70,135,80,106,48,,,
905,ラブトロス霊獣,フェアリー,ひこう,ぼうじん,,,74,115,110,135,100,46,48,,,
906,ニャオハ,くさ,,しんりょく,,へんげんじざい,40,61,54,45,45,65,4.1,,,
907,ニャローテ,くさ,,しんりょく,,へんげんじざい,61,80,63,60,63,83,12.2,,,
908,マスカーニャ,くさ,あく,しんりょく,,へんげんじざい,76,110,70,81,70,123,31.2,TRUE,TRUE,TRUE
909,ホゲータ,ほのお,,もうか,,てんねん,67,45,59,63,40,36,9.8,,,
910,アチゲータ,ほのお,,もうか,,てんねん,81,55,78,90,58,49,30.7,,,
911,ラウドボーン,ほのお,ゴースト,もうか,,てんねん,104,75,100,110,75,66,326.5,TRUE,TRUE,TRUE
912,クワッス,みず,,げきりゅう,,じしんかじょう,55,65,45,50,45,50,6.1,,,
913,ウェルカモ,みず,,げきりゅう,,じしんかじょう,70,85,65,65,60,65,21.5,,,
914,ウェーニバル,みず,かくとう,げきりゅう,,じしんかじょう,85,120,80,85,75,85,61.9,TRUE,TRUE,TRUE
915,グルトン,ノーマル,,アロマベール,くいしんぼう,あついしぼう,54,45,40,35,45,35,10.2,,,
916,パフュートン♂,ノーマル,,とれないにおい,くいしんぼう,あついしぼう,110,100,75,59,80,65,120,,,
916,パフュートン♀,ノーマル,,アロマベール,くいしんぼう,あついしぼう,115,90,70,59,90,65,120,,,
917,タマンチュラ,むし,,ふみん,,はりこみ,35,41,45,29,40,20,4,,,
918,ワナイダー,むし,,ふみん,,はりこみ,60,79,92,52,86,35,16.5,,,
919,マメバッタ,むし,,むしのしらせ,,いろめがね,33,46,40,21,25,45,1,,,
920,エクスレッグ,むし,あく,むしのしらせ,,いろめがね,71,102,78,52,55,92,17.5,,,
921,パモ,でんき,,せいでんき,しぜんかいふく,てつのこぶし,45,50,20,40,25,60,2.5,,,
922,パモット,でんき,かくとう,ちくでん,しぜんかいふく,てつのこぶし,60,75,40,50,40,85,6.5,,,
923,パーモット,でんき,かくとう,ちくでん,しぜんかいふく,てつのこぶし,70,115,70,70,60,105,41,,,
924,ワッカネズミ,ノーマル,,にげあし,ものひろい,マイペース,50,50,45,40,45,75,1.8,,,
925,イッカネズミ,ノーマル,,フレンドガード,ほおぶくろ,テクニシャン,74,75,70,65,75,111,2.3,TRUE,TRUE,TRUE
926,パピモッチ,フェアリー,,マイペース,,ぶきよう,37,55,70,30,55,65,10.9,,,
927,バウッツェル,フェアリー,,こんがりボディ,,アロマベール,57,80,115,50,80,95,14.9,,,
928,ミニーブ,くさ,ノーマル,はやおき,,しゅうかく,41,35,45,58,51,30,6.5,,,
929,オリーニョ,くさ,ノーマル,はやおき,,しゅうかく,52,53,60,78,78,33,11.9,,,
930,オリーヴァ,くさ,ノーマル,こぼれダネ,,しゅうかく,78,69,90,125,109,39,48.2,,,
931,イキリンコ,ノーマル,ひこう,いかく,はりきり,こんじょう,82,96,51,45,51,92,2.4,,,
932,コジオ,いわ,,きよめのしお,がんじょう,クリアボディ,55,55,75,35,35,25,16,,,
933,ジオヅム,いわ,,きよめのしお,がんじょう,クリアボディ,60,60,100,35,65,35,105,,,
934,キョジオーン,いわ,,きよめのしお,がんじょう,クリアボディ,100,100,130,45,90,35,240,TRUE,TRUE,TRUE
935,カルボウ,ほのお,,もらいび,,ほのおのからだ,40,50,40,50,40,35,10.5,,,
936,グレンアルマ,ほのお,エスパー,もらいび,,くだけるよろい,85,60,100,125,80,75,85,TRUE,TRUE,TRUE
937,ソウブレイズ,ほのお,ゴースト,もらいび,,くだけるよろい,75,125,80,60,100,85,62,TRUE,TRUE,TRUE
938,ズピカ,でんき,,マイペース,せいでんき,しめりけ,61,31,41,59,35,45,0.4,,,
939,ハラバリー,でんき,,でんきにかえる,せいでんき,しめりけ,109,64,91,103,83,45,113,TRUE,TRUE,TRUE
940,カイデン,でんき,ひこう,ふうりょくでんき,ちくでん,かちき,40,40,35,55,40,70,3.6,,,
941,タイカイデン,でんき,ひこう,ふうりょくでんき,ちくでん,かちき,70,70,60,105,60,125,38.6,,,
942,オラチフ,あく,,いかく,にげあし,はりこみ,60,78,60,40,51,51,16,,,
943,マフィティフ,あく,,いかく,ばんけん,はりこみ,80,120,90,60,70,85,61,,,
944,シルシュルー,どく,ノーマル,かるわざ,わるいてぐせ,いたずらごころ,40,65,35,40,35,75,0.7,,,
945,タギングル,どく,ノーマル,かるわざ,どくしゅ,いたずらごころ,63,95,65,80,72,110,27.2,,,
946,アノクサ,くさ,ゴースト,かぜのり,,すりぬけ,40,65,30,45,35,60,0.6,,,
947,アノホラグサ,くさ,ゴースト,かぜのり,,すりぬけ,55,115,70,80,70,90,6,,,
948,ノノクラゲ,じめん,くさ,きんしのちから,,,40,40,35,50,100,70,33,,,
949,リククラゲ,じめん,くさ,きんしのちから,,,80,70,65,80,120,100,58,,,
950,ガケガニ,いわ,,いかりのこうら,シェルアーマー,さいせいりょく,70,100,115,35,55,75,79,,,
951,カプサイジ,くさ,,ようりょくそ,ふみん,ぶきよう,50,62,40,62,40,50,3,,,
952,スコヴィラン,くさ,ほのお,ようりょくそ,ふみん,ムラっけ,65,108,65,108,65,75,15,TRUE,TRUE,TRUE
952,メガスコヴィラン,くさ,ほのお,とびだすハバネロ,,,65,138,85,138,85,75,22,TRUE,TRUE,TRUE
953,シガロコ,むし,,ふくがん,,だっぴ,41,50,60,31,58,30,1,,,
954,ベラカス,むし,エスパー,シンクロ,,テレパシー,75,50,85,115,100,45,3.5,,,
955,ヒラヒナ,エスパー,,きけんよち,おみとおし,かそく,30,35,30,55,30,75,1.5,,,
956,クエスパトラ,エスパー,,びんじょう,おみとおし,かそく,95,60,60,101,60,105,90,TRUE,TRUE,TRUE
957,カヌチャン,フェアリー,はがね,かたやぶり,マイペース,わるいてぐせ,50,45,45,35,64,58,8.9,,,
958,ナカヌチャン,フェアリー,はがね,かたやぶり,マイペース,わるいてぐせ,65,55,55,45,82,78,59.1,,,
959,デカヌチャン,フェアリー,はがね,かたやぶり,マイペース,わるいてぐせ,85,75,77,70,105,94,112.8,TRUE,TRUE,TRUE
960,ウミディグダ,みず,,ぬめぬめ,びびり,すながくれ,10,55,25,35,25,95,1.8,,,
961,ウミトリオ,みず,,ぬめぬめ,びびり,すながくれ,35,100,50,50,70,120,5.4,,,
962,オトシドリ,ひこう,あく,はとむね,するどいめ,いわはこび,70,103,85,60,85,82,42.9,,,
963,ナミイルカ,みず,,みずのベール,,,70,45,40,45,40,75,60.2,,,
964,イルカマン（ナイーブ）,みず,,マイティチェンジ,,,100,70,72,53,62,100,60.2,TRUE,TRUE,TRUE
964,イルカマン（マイティ）,みず,,マイティチェンジ,,,100,160,97,106,87,100,97.4,TRUE,TRUE,TRUE
965,ブロロン,はがね,どく,ぼうじん,,スロースタート,45,70,63,30,45,47,35,,,
966,ブロロローム,はがね,どく,ぼうじん,,フィルター,80,119,90,54,67,90,120,,,
967,モトトカゲ,ドラゴン,ノーマル,だっぴ,,さいせいりょく,70,95,65,85,65,121,63,,,
968,ミミズズ,はがね,,どしょく,,すながくれ,70,85,145,60,55,65,310,TRUE,TRUE,TRUE
969,キラーメ,いわ,どく,どくげしょう,,ふしょく,48,35,42,105,60,60,8,,,
970,キラフロル,いわ,どく,どくげしょう,,ふしょく,83,55,90,130,81,86,45,TRUE,TRUE,TRUE
970,メガキラフロル,いわ,どく,てきおうりょく,,,83,90,105,150,96,101,77,TRUE,TRUE,TRUE
971,ボチ,ゴースト,,ものひろい,,もふもふ,50,61,60,30,55,34,35,,,
972,ハカドッグ,ゴースト,,すなかき,,もふもふ,72,101,100,50,97,68,15,,,TRUE
973,カラミンゴ,ひこう,かくとう,きもったま,ちどりあし,きょうえん,82,115,74,75,64,90,37,,,
974,アルクジラ,こおり,,あついしぼう,ゆきがくれ,ちからずく,108,68,45,30,40,43,45,,,
975,ハルクジラ,こおり,,あついしぼう,ゆきかき,ちからずく,170,113,65,45,55,73,700,,,
976,ミガルーサ,みず,エスパー,かたやぶり,,きれあじ,90,102,73,78,65,70,90,,,
977,ヘイラッシャ,みず,,てんねん,どんかん,みずのベール,150,100,115,65,65,35,220,,,
978,シャリタツ,ドラゴン,みず,しれいとう,,よびみず,68,50,60,120,95,82,8,,,
978,メガシャリタツ,みず,ドラゴン,,,,68,65,90,135,125,92,24,,,
979,コノヨザル,かくとう,ゴースト,やるき,せいしんりょく,まけんき,110,115,80,50,90,90,56,,,TRUE
980,ドオー,どく,じめん,どくのトゲ,ちょすい,てんねん,130,75,60,45,100,20,223,,,
981,リキキリン,ノーマル,エスパー,はんすう,テイルアーマー,そうしょく,120,90,70,110,70,60,160,TRUE,TRUE,TRUE
982,ノココッチ,ノーマル,,てんのめぐみ,にげあし,びびり,125,100,80,85,75,55,39.2,,,
983,ドドゲザン,あく,はがね,まけんき,そうだいしょう,プレッシャー,100,135,120,60,85,50,120,TRUE,TRUE,TRUE
984,イダイナキバ,じめん,かくとう,こだいかっせい,,,115,131,131,53,53,87,320,,,
985,サケブシッポ,フェアリー,エスパー,こだいかっせい,,,115,65,99,65,115,111,8,,,
986,アラブルタケ,くさ,あく,こだいかっせい,,,111,127,99,79,99,55,21,,,
987,ハバタクカミ,ゴースト,フェアリー,こだいかっせい,,,55,55,55,135,135,135,4,,,
988,チヲハウハネ,むし,かくとう,こだいかっせい,,,85,135,79,85,105,81,92,,,
989,スナノケガワ,でんき,じめん,こだいかっせい,,,85,81,97,121,85,101,60,,,
990,テツノワダチ,じめん,はがね,クォークチャージ,,,90,112,120,72,70,106,240,,,
991,テツノツツミ,こおり,みず,クォークチャージ,,,56,80,114,124,60,136,11,,,
992,テツノカイナ,かくとう,でんき,クォークチャージ,,,154,140,108,50,68,50,380.7,,,
993,テツノコウベ,あく,ひこう,クォークチャージ,,,94,80,86,122,80,108,111,,,
994,テツノドクガ,ほのお,どく,クォークチャージ,,,80,70,60,140,110,110,36,,,
995,テツノイバラ,いわ,でんき,クォークチャージ,,,100,134,110,70,84,72,303,,,
996,セビエ,ドラゴン,こおり,ねつこうかん,,アイスボディ,65,75,45,35,45,55,17,,,
997,セゴール,ドラゴン,こおり,ねつこうかん,,アイスボディ,90,95,66,45,65,62,30,,,
998,セグレイブ,ドラゴン,こおり,ねつこうかん,,アイスボディ,115,145,92,75,86,87,210,,,
998,メガセグレイブ,ドラゴン,こおり,,,,115,175,117,105,101,87,315,,,
999,コレクレー歩,ゴースト,,びびり,,,45,30,25,75,45,80,5,,,
999,コレクレー箱,ゴースト,,にげあし,,,45,30,70,75,70,10,0.1,,,
1000,サーフゴー,はがね,ゴースト,おうごんのからだ,,,87,60,95,133,91,84,30,,,TRUE
1001,チオンジェン,あく,くさ,わざわいのおふだ,,,85,85,100,95,135,70,74.2,,,
1002,パオジアン,あく,こおり,わざわいのつるぎ,,,80,120,80,90,65,135,152.2,,,
1003,ディンルー,あく,じめん,わざわいのうつわ,,,155,110,125,55,80,45,699.7,,,
1004,イーユイ,あく,ほのお,わざわいのたま,,,55,80,80,135,120,100,4.9,,,
1005,トドロクツキ,ドラゴン,あく,こだいかっせい,,,105,139,71,55,101,119,380,,,
1006,テツノブジン,フェアリー,かくとう,クォークチャージ,,,74,130,90,120,60,116,35,,,
1007,コライドン,かくとう,ドラゴン,ひひいろのこどう,,,100,135,115,85,100,135,303,,,
1008,ミライドン,でんき,ドラゴン,ハドロンエンジン,,,100,85,100,135,115,135,240,,,
1009,ウネルミナモ,みず,ドラゴン,こだいかっせい,,,90,83,91,125,83,109,280,,,
1010,テツノイサハ,くさ,エスパー,クォークチャージ,,,90,130,88,70,108,104,125,,,
1011,カミッチュ,くさ,ドラゴン,かんろなミツ,くいしんぼう,ねんちゃく,80,80,110,95,80,40,4.4,,,
1012,チャデス,くさ,ゴースト,おもてなし,,たいねつ,40,45,45,74,54,50,1.1,,,
1013,ヤバソチャ,くさ,ゴースト,おもてなし,,たいねつ,71,60,106,121,80,70,2.2,TRUE,TRUE,TRUE
1014,イイネイヌ,どく,かくとう,どくのくさり,,ばんけん,88,128,115,58,86,80,92.2,,,
1015,マシマシラ,どく,エスパー,どくのくさり,,おみとおし,88,75,66,130,90,106,12.2,,,
1016,キチキギス,どく,フェアリー,どくのくさり,,テクニシャン,88,91,82,70,125,99,30.1,,,
1017,オーガポン草,くさ,,まけんき,,,80,120,84,60,96,110,39.8,,,
1017,オーガポン炎,くさ,ほのお,かたやぶり,,,80,120,84,60,96,110,39.8,,,
1017,オーガポン水,くさ,みず,ちょすい,,,80,120,84,60,96,110,39.8,,,
1017,オーガポン岩,くさ,いわ,がんじょう,,,80,120,84,60,96,110,39.8,,,
1018,ブリジュラス,はがね,ドラゴン,じきゅうりょく,がんじょう,すじがねいり,90,105,130,125,65,85,60,TRUE,TRUE,TRUE
1019,カミツオロチ,くさ,ドラゴン,かんろなミツ,さいせいりょく,ねんちゃく,106,80,110,120,80,44,93,TRUE,TRUE,TRUE
1020,ウガツホムラ,ほのお,ドラゴン,こだいかっせい,,,105,115,121,65,93,91,590,,,
1021,タケルライコ,でんき,ドラゴン,こだいかっせい,,,125,73,91,137,89,75,480,,,
1022,テツノイワオ,いわ,エスパー,クォークチャージ,,,90,120,80,68,108,124,162.5,,,
1023,テツノカシラ,はがね,エスパー,クォークチャージ,,,90,72,100,122,108,98,156,,,
1024,テラパゴス（テラスタルフォルム）,ノーマル,,テラスシェル,,,95,95,110,105,110,85,16,,,
1024,テラパゴス（ステラフォルム）,ノーマル,,ゼロフォーミング,,,160,105,110,130,110,85,77,,,
1025,モモワロウ,どく,ゴースト,どくくぐつ,,,88,88,160,88,88,88,0.3,,,